Molecule,a0,a1,a2,a3,a4,S(300K)
1H_butane_2000_,7.384030189463308,0.15771149153221684,-0.0001492866132044197,6.61496890342751e-08,-1.113786300454114e-11,108.498
1H_decane_2000_,17.975160405756213,0.3870672281704126,-0.000377373925668792,1.7058247909367772e-07,-2.9135376048986885e-11,193.248
1H_dodecane_2000_,21.37297060487345,0.4639564349647423,-0.0004539477422089064,2.0568420695477377e-07,-3.519027729205418e-11,220.307
1H_ethane_2000_,4.121927597885391,0.08039934910040983,-7.214420102211981e-05,3.071256448176441e-08,-5.012632460647732e-12,79.742
1H_heptane_2000_,12.771681287513424,0.27204429781968953,-0.00026287896962627144,1.181192226857918e-07,-2.0088560195784475e-11,150.756
1H_hexane_2000_,10.970337017384187,0.2339539136635495,-0.00022503372215829597,1.0080223313751284e-07,-1.7105558502298145e-11,136.859
1H_methane_2000_,2.852356198790695,0.040221606328743796,-3.145320247035965e-05,1.1785393410551824e-08,-1.7077774411806782e-12,62.105
1H_nonane_2000_,16.009929614494617,0.34946755211399266,-0.00034011884611123667,1.5357698781196862e-07,-2.6211949578575147e-11,178.224
1H_octane_2000_,14.242154324627831,0.31129642717495376,-0.000302195995995861,1.3622624077150915e-07,-2.3223529675680516e-11,164.189
1H_pentane_2000_,9.371975368803469,0.1951794546863087,-0.0001863447593040801,8.304113683037116e-08,-1.4038436951330617e-11,123.173
1H_propane_2000_,5.930221749527517,0.1184566386220272,-0.00010999191635038726,4.806038272629155e-08,-8.006851053342942e-12,95.577
1H_undecane_2000_,19.678094962901262,0.42540685064565337,-0.00041548025689271145,1.8802308564695877e-07,-3.214005417971223e-11,206.63
1Hbutane_2000_,7.378366137813046,0.15772882718456385,-0.00014930628084247944,6.615941427400346e-08,-1.1139637271859807e-11,108.491
1_butane_2000_,7.493530244232489,0.15978103185954107,-0.00015488615386294733,7.016141204297855e-08,-1.203018215803629e-11,110.037
1_octane_alpha_prod_noHF_2000_,13.408607858795152,0.2936674059290948,-0.0002896722769388942,1.320190322179513e-07,-2.2689112146898584e-11,157.974
1_octane_alpha_prod_prod_ene_2000_,13.37282230341374,0.2516936210094195,-0.00024803923716531606,1.12979779295543e-07,-1.9411312993896528e-11,147.337
1_octane_alpha_prod_prod_hf_prod_o_freq_2000_,13.195841800222016,0.28814732175686036,-0.00028944060875185716,1.3352537233201465e-07,-2.3141372273590098e-11,155.712
1_octane_alpha_prod_prod_hf_prod_oh_freq_2000_,13.438418008327798,0.2916427834788597,-0.0002888964329879791,1.323625246324572e-07,-2.284562731072002e-11,155.441
1_octane_c8_rad_2000_,15.505502969279464,0.3066175352922414,-0.00030447385781070846,1.3925646415686743e-07,-2.3979314575679135e-11,166.66
1_pentane_2000_,9.223326533582597,0.19813010398491293,-0.000193062510933885,8.765627872844559e-08,-1.5047272782467492e-11,123.69
1perHbutene_2000_,0.9592735517949275,0.07296401197046376,-3.027545174636386e-05,2.9396792794107356e-09,6.748766483581984e-13,71.022
21_propene_2000_,2.3417465383642364,0.09431977330504468,-8.655178975103705e-05,3.815623399338197e-08,-6.4502626159932075e-12,80.046
22_butene_2000_,3.4079938533786893,0.12298964875965412,-0.0001091134657063297,4.6836871390880764e-08,-7.756250442723668e-12,90.774
22_fts_2000_,5.807207737315389,0.18479623782058377,-0.00016313849147553858,6.983409953254606e-08,-1.1540136849903972e-11,116.653
22_ftsa_2000_,4.89814631769539,0.19244742104885396,-0.00016762868412138561,7.135801055275726e-08,-1.1768007108721335e-11,117.547
22ftoh_2000_,5.320831540719985,0.13601533453029915,-0.00010839034771216514,4.2523557657340586e-08,-6.5343677317490135e-12,100.024
22rh_2000_,3.9202546952398643,0.12556657743140534,-9.804680647947507e-05,3.793246915206852e-08,-5.781972435409394e-12,92.757
22tele_alkene_2000_,3.4100990980760595,0.12298051486607518,-0.00010910032340762049,4.682920894931552e-08,-7.754674693041007e-12,90.775
23_ftca_2000_,3.837427756354562,0.16677090087815158,-0.00013893461588660233,5.6651685593906116e-08,-9.000774903857918e-12,110.951
2Hbutane_2000_,6.575152344093512,0.16019705926869302,-0.0001520793804257149,6.750187368241644e-08,-1.1376272285375762e-11,110.686
2_butene_2000_,7.160581908142174,0.14015435988030858,-0.00013764379755629033,6.25600160844138e-08,-1.0733003273349386e-11,106.056
2_butyl_2000_,8.738249745770068,0.1529883776982676,-0.00015159715654628126,6.920376275865043e-08,-1.18969616709432e-11,113.958
2_heptene_2000_,12.666370945096467,0.2538043772204749,-0.0002502559078951056,1.1397981729701291e-07,-1.957616164314011e-11,149.607
2_hexene_2000_,10.874657976335328,0.2155766518436126,-0.00021220316263825608,9.654840712091338e-08,-1.657149276644072e-11,135.252
2_hexyl_2000_,11.861147153635121,0.23064619429778324,-0.00022900953910044212,1.0471198394170206e-07,-1.802468199266371e-11,141.885
2_octene_2000_,14.26430526940355,0.29253940622572716,-0.00028888337079589446,1.3170816620097918e-07,-2.2637501022545212e-11,162.827
2_octyl_2000_,15.714124147444572,0.30606691458940805,-0.00030385282112027715,1.38936489657659e-07,-2.3918310761508944e-11,170.927
2_pentene_2000_,9.120929147024933,0.177415881735726,-0.00017433262094861907,7.923776941729013e-08,-1.3592086101440511e-11,119.983
2_pentyl_2000_,10.186625668958905,0.1921877130624405,-0.00019076174362670862,8.720163987140435e-08,-1.5007463961279438e-11,127.619
2_propyl_2000_,6.636682065838088,0.11592733339043194,-0.00011501434285780057,5.254608986170979e-08,-9.038016262114592e-12,99.06
31_butene_2000_,4.192346980118647,0.13201714327687972,-0.00012381945636019047,5.515212875552522e-08,-9.371403337221392e-12,95.363
32_fts_2000_,7.3238654633676985,0.22377446596605596,-0.00020203838300103562,8.769246065983981e-08,-1.4623827357916123e-11,132.058
32_ftsa_2000_,6.524195729420689,0.23119251317619785,-0.00020630039308869373,8.911384406030339e-08,-1.48345330661519e-11,132.862
32_pentene_2000_,5.098852191277878,0.16140256978181805,-0.00014732230037594346,6.433229149714364e-08,-1.0771169603070987e-11,105.826
32ftoh_2000_,7.154117077220703,0.17363958976582525,-0.00014537733551261473,5.931700082241802e-08,-9.411945354951162e-12,118.367
32rh_2000_,5.750208243588075,0.16360109798979294,-0.0001358290128020819,5.521017856987019e-08,-8.755928201731521e-12,108.8
33_ftca_2000_,5.659202230646442,0.20479379956304816,-0.0001766753256552042,7.389937495713928e-08,-1.1967973343846174e-11,127.082
3_heptene_2000_,12.506434991061779,0.2539420072660513,-0.00025027307423330843,1.1396499421592088e-07,-1.957266818415027e-11,148.043
3_heptyl_2000_,13.900910827784992,0.26792087650538415,-0.0002659154171085751,1.2157266886551172e-07,-2.0927558863010272e-11,156.009
3_hexene_2000_,11.098518066697807,0.2146251607174692,-0.00021095592876329205,9.588026895304659e-08,-1.6444429921692794e-11,136.161
3_hexyl_2000_,12.373362954196061,0.22891560491356902,-0.00022693893365111385,1.0365652893313082e-07,-1.7830171213747435e-11,141.283
3_octene_2000_,14.414054191294605,0.2917297376587669,-0.00028775147239442196,1.3108453938073208e-07,-2.251712345791889e-11,164.184
3_octyl_2000_,15.681373926131643,0.30608506566235033,-0.0003038485129750072,1.38933300214509e-07,-2.391829386526594e-11,169.149
3_pentyl_2000_,12.373362954196061,0.22891560491356902,-0.00022693893365111385,1.0365652893313082e-07,-1.7830171213747435e-11,141.283
41_pentene_2000_,5.915016292353533,0.1703453699835309,-0.00016193751597896582,7.26064102130737e-08,-1.2379763104742936e-11,110.395
42_fts_2000_,8.98791752742149,0.26230005002024415,-0.00024040191267245284,1.0527683045813449e-07,-1.765682422280182e-11,145.438
42_ftsa_2000_,8.219260786424599,0.26950883312755125,-0.0002443501454258598,1.0651731606428084e-07,-1.7831472556900657e-11,146.033
42_hexene_2000_,6.8626994424934225,0.199691414286846,-0.00018543468648621567,8.179368215361655e-08,-1.3781794896630619e-11,119.976
42ftoh_2000_,8.723046964682812,0.21247709680853866,-0.0001841296603829049,7.710816615961579e-08,-1.2484460297817141e-11,128.552
42rh_2000_,7.3159431178886845,0.2024550703743124,-0.0001746044241648982,7.301528294261017e-08,-1.1831459505408635e-11,121.66
43_ftca_2000_,7.2848758944862695,0.24348798346193465,-0.00021527753993748252,9.162013295547533e-08,-1.5028340868011543e-11,140.153
4_heptyl_2000_,14.027386599870024,0.2674220868775619,-0.0002652502966112431,1.2120503105962338e-07,-2.0855483270984924e-11,156.054
4_octene_2000_,14.243855937564028,0.29218527105235254,-0.0002882611594053706,1.3134178803888732e-07,-2.256493056590056e-11,163.269
4_octyl_2000_,15.790070215455255,0.30567880094223787,-0.0003033099371376116,1.3863462863715533e-07,-2.38594234872731e-11,170.021
51_hexene_2000_,7.684641511097611,0.20855789622302764,-0.0001999209470716786,8.998678607798266e-08,-1.537309152254767e-11,124.024
52_fts_2000_,10.630243816373284,0.30093997313973425,-0.00027893876408396716,1.2296340302130414e-07,-2.0710662124741595e-11,158.744
52_ftsa_2000_,9.821080700409418,0.3083135081359291,-0.0002831130592790015,1.243313679084976e-07,-2.0910688558469713e-11,159.276
52_heptene_2000_,8.74416186527076,0.23752134447950185,-0.00022294547213593766,9.892544162252209e-08,-1.672801621914364e-11,134.235
52ftoh_2000_,10.612687331260762,0.25027002945293203,-0.00022159332490238518,9.421625761252697e-08,-1.5426548891422215e-11,143.165
52rh_2000_,9.103264296430257,0.24060889882804623,-0.00021253011775246793,9.037354386636977e-08,-1.4821939484767603e-11,135.866
53_ftca_2000_,8.89654459765278,0.28228076993801343,-0.0002540215769250452,1.0941999473690752e-07,-1.8104086694359337e-11,153.887
61_heptene_2000_,9.332306910778792,0.24724801065859361,-0.00023855187641948835,1.0773084784817658e-07,-1.843859369115626e-11,137.792
62_fts_2000_,12.421508328562293,0.33913991175134656,-0.0003169508814028468,1.4037473064377216e-07,-2.3712040931636835e-11,173.151
62_ftsa_2000_,11.639340501296127,0.34648012851841176,-0.00032110562861715184,1.41736544183014e-07,-2.391120399113096e-11,173.914
62_octene_2000_,10.416240230837488,0.2760398647283327,-0.00026131702077100124,1.1652063016455933e-07,-1.9764101610222554e-11,147.991
62ftab_2000_,7.121403421315727,0.5284971310944042,-0.00042105950298429174,1.6560200649540614e-07,-2.5582138578262386e-11,224.933
62ftoh_2000_,12.145938560420477,0.2893016220941325,-0.0002606290667560741,1.1217108484221473e-07,-1.8532069244710015e-11,156.237
62rh_2000_,10.821387290184695,0.27899706730446777,-0.00025074932124539826,1.0788808045072044e-07,-1.7842329318654516e-11,149.636
71_octene_2000_,11.221348745526079,0.28505251171588697,-0.0002760403449499954,1.24856761559818e-07,-2.1384853371114732e-11,152.357
GS2000_,7.582155829927727,0.5282973550270523,-0.00042118284366311727,1.6560476468453687e-07,-2.5554821633548138e-11,181.415
KOtf_dimer_opt_2000_,23.40295110845783,0.1978349995707014,-0.00020366553986325556,9.578181411297398e-08,-1.6849583847624524e-11,156.667
KOtf_opt_2000_,10.057533771921804,0.09780689393592598,-0.00010043558694880146,4.713322372014967e-08,-8.277173073041805e-12,97.682
KTFA_dimer1_wb97xd_2000_,22.093868541628982,0.15876960338256135,-0.00015492246490509705,7.021327860895753e-08,-1.2034188321049122e-11,149.445
KTFA_opt_2000_,9.355214970364138,0.0779345986612479,-7.528074232954394e-05,3.3813477927436395e-08,-5.7520138710471935e-12,93.315
K_c8_gas_extended_2000_,19.760624338415703,0.30779995217124073,-0.0003039588268453842,1.3855362622938227e-07,-2.3808048859929928e-11,177.289
NaOtf_dimer_opt_2000_,22.69969766010828,0.19932013487570976,-0.00020493082839944532,9.627072829829687e-08,-1.6920436142527615e-11,153.057
NaOtf_opt_2000_,9.164718206265,0.10072599123249662,-0.00010404974914809013,4.90581094594536e-08,-8.64650459079103e-12,94.911
OtfH_dimer_opt_2000_,11.871904359710419,0.2071283438200557,-0.00020531275881930007,9.485288931918792e-08,-1.6527204744815585e-11,137.858
OtfH_opt_2000_,6.149475191464605,0.09971429759404546,-0.00010046597686080436,4.7002591267767575e-08,-8.262043598574174e-12,87.072
acetate_2000_,3.8569553282574445,0.04510122943637854,-2.6410845489182443e-05,7.140491578865264e-09,-6.80648613731721e-13,70.834
acetic_acid_2000_,2.887509723664235,0.0546543141581126,-3.491389557939489e-05,1.1258393718325813e-08,-1.4495702455296662e-12,68.809
allene_2000_,6.1060689204621434,0.06964670109493333,-6.667775693746464e-05,2.997137863254858e-08,-5.121225477651581e-12,81.875
allyl_2000_,10.972712614591748,0.07130088012645205,-6.679075547466936e-05,2.93479584307755e-08,-4.91537930117359e-12,90.469
alphac3f6h2o_ts_2000_,5.575391637973755,0.1312841427441915,-0.000127146991200674,5.7814477901621085e-08,-9.961544387904377e-12,97.433
benzene_2000_,-7.736082731885901,0.11281822773260604,-7.860572090733799e-05,2.6952552912246576e-08,-3.6229046546036883e-12,64.079
betac3f6h2o_ts_2000_,6.572347770669594,0.12898260878298257,-0.00012498263383294822,5.688371836322635e-08,-9.810431697663425e-12,96.767
butane1H_2000_,7.388400642890809,0.15769585217395454,-0.00014926697333033617,6.613932287967221e-08,-1.1135913415268219e-11,108.506
butene_2000_,8.244968803052855,0.13652962317788003,-0.00013345081681299234,6.049402685430831e-08,-1.036366974583949e-11,104.397
butene_2OH_2000_,8.378691550292377,0.16197950157274668,-0.000159793865521171,7.321542723633647e-08,-1.2649749428710176e-11,112.352
butene_OH_2000_,8.959363291714473,0.1609161239230711,-0.00015894828879885883,7.288817039663274e-08,-1.2599533840808504e-11,115.924
butylallyl_2000_,9.499023312740242,0.11984281999878725,-0.0001169911210188168,5.297153053654498e-08,-9.066852527112796e-12,106.349
c2f3_o_2000_,7.106391449192376,0.05281205192957322,-4.909604137766889e-05,2.152503207768573e-08,-3.6063819922673635e-12,76.898
c2f4_2000_,5.723797532714493,0.0581708732103094,-5.624121184826202e-05,2.5471621191367047e-08,-4.378642422318649e-12,74.103
c2f4_oh_2000_,5.5232596611463425,0.08334521359033385,-8.097638551719574e-05,3.686372122353731e-08,-6.345456080663129e-12,83.173
c2f4o2_2000_,6.917948111158142,0.08631546529921548,-8.500264533062246e-05,3.859911566405745e-08,-6.606676444716976e-12,88.45
c2f4o_2000_,5.1971503877749035,0.07319126921699129,-7.05164756634326e-05,3.167368624733544e-08,-5.3930169057564e-12,79.898
c2f5_2000_,5.218223228936407,0.0761487679551158,-7.485751673589376e-05,3.394573083451329e-08,-5.8040806652531834e-12,81.586
c2f5cof_2000_,7.0161697083978005,0.11108962739679482,-0.00010806291139727436,4.881945191327408e-08,-8.342325715572604e-12,95.558
c2f5cof_fragA_2000_,5.2186554340965285,0.07619870572641704,-7.494535856617485e-05,3.3999162777449724e-08,-5.815052146464676e-12,81.59
c2f5cof_fragB_2000_,6.202810463237364,0.012741707085730641,-9.093659453939732e-06,3.067552764439324e-09,-3.975663064629222e-13,59.493
c2f5cof_oh_2000_,6.430207901586571,0.13994380866808173,-0.00013905546865828787,6.412676639520195e-08,-1.1137078699814767e-11,101.156
c2f5h_2000_,4.129572776173353,0.08023481054570586,-7.186493208948978e-05,3.054852988457213e-08,-4.980268346410822e-12,79.7
c2f5h_carbene_ts_2000_,7.052167224759571,0.07386274101532293,-6.7625070052294e-05,2.9060242973761968e-08,-4.768415245662372e-12,83.551
c2f6_2000_,4.476853359363629,0.09268610077369,-9.188297424113029e-05,4.1963780432635757e-08,-7.2171462999172376e-12,79.456
c2h6_2000_,3.3912556802063145,0.02980387327136361,3.7595254511515798e-06,-1.0446543765707283e-08,2.747691873859702e-12,54.42
c3_oco2h_2000_,7.0591223139763315,0.1734222837234381,-0.00016703221491632292,7.516294993554278e-08,-1.2811989091620635e-11,114.529
c3f3h3_1_o2_2000_,5.660275391373341,0.102723686551195,-8.749445267880454e-05,3.628194565405363e-08,-5.840372554462413e-12,98.344
c3f3h3_2000_,-0.04166759869516634,0.08446560098319153,-7.106522896559209e-05,2.9491804536660617e-08,-4.775436858666739e-12,72.41
c3f3h3_2_o2_2000_,5.714551179876249,0.10769655108971923,-9.698691000770216e-05,4.231315023769007e-08,-7.108415397881163e-12,92.632
c3f3h3o2_co_t_ts_2000_,5.040611199635725,0.10139518391857599,-8.804228499944128e-05,3.724378504862768e-08,-6.103496322958547e-12,93.863
c3f3h3o2_co_ts_2000_,5.293327915498309,0.10088338429786252,-8.762763059762606e-05,3.708659044163596e-08,-6.080252604218831e-12,91.788
c3f3h3o2_oo_trans_ts_2000_,4.957966682418133,0.10188680778945898,-8.86607046787397e-05,3.75571013682743e-08,-6.160411993735324e-12,91.433
c3f3h3o2_oo_ts_2000_,6.70562744075469,0.09768695006774727,-8.423508785017296e-05,3.543463900799418e-08,-5.783218905587673e-12,95.353
c3f5co_2000_,7.170995444719444,0.0963526451824387,-9.312142656276016e-05,4.186524909199698e-08,-7.128632715732426e-12,93.212
c3f5o2_esterrad_2000_,6.73072266674778,0.1104853920356409,-0.00010599484516475269,4.724304307338036e-08,-7.976559042041907e-12,98.712
c3f6o2_1st_2000_,8.440078434443098,0.1256703800661165,-0.00012458139392681743,5.687598363529166e-08,-9.776833312541719e-12,106.038
c3f6o2_ring_2000_,4.238996157166325,0.13346909428041911,-0.00013030807107393345,5.870251016666085e-08,-9.978595827252423e-12,95.386
c3f6oOH2nd_2000_,6.455766837455342,0.1399993920239064,-0.00013921151591791525,6.422580449009807e-08,-1.115670429747156e-11,101.195
c3f6o_2000_,4.266673921253396,0.11981200431335165,-0.00011762107519555217,5.3321161742890584e-08,-9.118392602929096e-12,91.474
c3f7_2nd_2000_,6.624896832515811,0.11598294434929182,-0.00011508983023643267,5.2587414090281654e-08,-9.046038729900674e-12,99.008
c3f7_o2_c3f7_2000_,11.668044488677557,0.27354647714786967,-0.0002713294073080921,1.238722572533765e-07,-2.1288386803122705e-11,155.76
c3f7_t_2000_,7.023920822289911,0.11432146481907118,-0.00011292776568757515,5.143572486851057e-08,-8.828224752829607e-12,96.645
c3f7o_2000_,6.2228465028103885,0.13473792506189108,-0.00013660596040835423,6.344238144686565e-08,-1.104887867829833e-11,101.131
c3f7oh_2000_,6.873531828887724,0.1370770148151574,-0.00013476435919655534,6.163355423022022e-08,-1.0634846348523181e-11,101.529
c4_tsK_for_rochelle_test_2000_,15.405297352873015,0.14933255244129642,-0.00015219914632620048,7.140452655193392e-08,-1.25671891636001e-11,124.468
c4a_K_opt_2000_,12.956485406934974,0.15404261876731187,-0.00015083961472506675,6.836727911290569e-08,-1.1701767333253833e-11,122.871
c4a_na_opt_2000_,12.272855295515724,0.15604525020915902,-0.00015319118373208454,6.958589263649603e-08,-1.1931990151617744e-11,119.504
c4f7_o_2000_,8.924395340523123,0.13439262123475249,-0.00013079180947082314,5.905999891948277e-08,-1.0085190152413865e-11,106.98
c4f9_1_rad_2000_,6.934105024144344,0.1521023384266395,-0.0001503973535459252,6.855596465259756e-08,-1.1773961147226495e-11,105.355
c4f9_2_rad_2000_,8.735463893158324,0.1529928809121475,-0.000151600378489778,6.920519534642722e-08,-1.1897244547145828e-11,113.94
c4f9_o2_c2f4_tsnext_2000_,14.453833835855354,0.24922989369429632,-0.0002485549343561981,1.1406842152369108e-07,-1.9693835964655322e-11,152.719
c4f9_o2_h_2000_,9.925119265697912,0.18544522610856287,-0.0001820374751710357,8.297855526683583e-08,-1.4273370753167207e-11,119.587
c4f9_o2_h_ts_2000_,17.029839375626658,0.16950730173853087,-0.00017135706349382274,8.009029764418396e-08,-1.4057518116220868e-11,130.395
c4f9oh_2000_,8.324489921666519,0.17633881450886205,-0.00017405992034840378,7.971935802449536e-08,-1.3764540015011509e-11,113.675
c5f11oh_2000_,10.013534745802039,0.21485649383985456,-0.00021245388510297234,9.733001097593918e-08,-1.680362934403281e-11,127.614
c6f13oh_2000_,11.677537309714022,0.25339962383151127,-0.00025085412758670586,1.1493868119786907e-07,-1.9841864840834582e-11,141.328
c8_secondary_rad_2000_,15.714124147444572,0.30606691458940805,-0.00030385282112027715,1.38936489657659e-07,-2.3918310761508944e-11,170.927
carilon_2000_,4.663874661321244,0.12186318660189015,-6.444652908288888e-05,1.4700424046601389e-08,-9.255801010935599e-13,104.756
carilon_react_hexane_2000_,15.571040375925666,0.3815480856489716,-0.00031750196427233064,1.2932179542355932e-07,-2.055193616331971e-11,200.856
carilon_twist_2000_,3.5497031068410836,0.1260827217265717,-7.003485273110494e-05,1.77813569076569e-08,-1.5284720162300963e-12,98.778
carilon_twist_hexane_2000_,3.5414753278019977,0.1262267705441657,-7.018029044671717e-05,1.782486243846211e-08,-1.5306134236967105e-12,98.599
cc_fragA_2000_,5.698403989941212,0.11850308413782594,-0.00010927964590329939,4.736551731778228e-08,-7.827794288945219e-12,99.391
cc_fragB_2000_,5.218568138152504,0.07615286838835769,-7.486506674745601e-05,3.3950289819985523e-08,-5.805026540096667e-12,81.583
cf2_2000_,5.389169717098845,0.01714163212508477,-1.4224376415880775e-05,5.415721275065029e-09,-7.781813409944131e-13,58.935
cf2_oh_2000_,3.9970542453094517,0.04374843140003367,-4.078086089940825e-05,1.812552681055166e-08,-3.0675647969525134e-12,66.978
cf2_tfa_prod_2000_,5.8831208197688465,0.11319687399613519,-0.00010115053655387566,4.285156595669731e-08,-6.96386465311815e-12,97.838
cf2cf_2000_,6.0602232889674825,0.04262677608104648,-3.9862561045680846e-05,1.7546062850875112e-08,-2.9470084952174464e-12,71.368
cf2cfh2_2000_,4.761072604547927,0.05319426323521685,-3.8885592390094414e-05,1.3772132948036397e-08,-1.898458075633718e-12,74.349
cf2ch3_2000_,4.016586643453278,0.0481411097462889,-3.1923346896254146e-05,1.0474681080190107e-08,-1.3553828064232524e-12,68.958
cf2chf2_2000_,5.17312933385876,0.06288090008375193,-5.393558486230807e-05,2.209647174800334e-08,-3.491715186513751e-12,78.27
cf2h_2000_,4.406364869014249,0.02383175352551077,-1.6125633739945744e-05,5.074024405638718e-09,-5.884051978373847e-13,61.223
cf2hcf2_2000_,5.159988502783931,0.06279189479833745,-5.374499150332624e-05,2.197559456896541e-08,-3.4669457614280073e-12,78.179
cf2hcf2g_2000_,5.1118753110293325,0.06306057276651932,-5.413946767513045e-05,2.2177174719485462e-08,-3.5007733081008343e-12,78.446
cf2hcf2hg_2000_,3.9349035976618656,0.06735467595506216,-5.131191743925527e-05,1.883380214104547e-08,-2.68282471561058e-12,75.148
cf2hcf2ht_2000_,3.996356411362599,0.06775115264865372,-5.2245006046493335e-05,1.947969831477175e-08,-2.8259994494353325e-12,75.069
cf2hcf2t_2000_,5.170654654117872,0.0628989404862183,-5.396192279274221e-05,2.2111315306796256e-08,-3.4946806767426137e-12,78.26
cf2hcfhg_2000_,5.049008634001643,0.05626432881369448,-4.521607545805696e-05,1.7860238663312036e-08,-2.7616128668669514e-12,75.015
cf2hcfht_2000_,5.045036541711767,0.05628606606145974,-4.524942012546867e-05,1.788001035855781e-08,-2.765648108041885e-12,75.015
cf2hch2_2000_,2.2697409429952615,0.053255513920116286,-4.161334910915529e-05,1.6506708001182828e-08,-2.600604082171442e-12,67.169
cf2hch2_next_2000_,4.080592987739945,0.05357789163826973,-4.197571028511657e-05,1.670234335029065e-08,-2.639023368107017e-12,70.945
cf2hch3_2000_,2.6399219673319885,0.05346618193493485,-3.0779410439923095e-05,8.170279484274234e-09,-7.545502949958767e-13,67.28
cf2o2_rad_2000_,5.102320536314293,0.04657516196630039,-4.5020563837207513e-05,2.032166571816565e-08,-3.478264840379673e-12,69.181
cf2o_oh_2000_,2.8851755053735526,0.06391805123901287,-6.363096773688977e-05,2.960597794184923e-08,-5.184138203217042e-12,70.725
cf2oh2_2000_,2.2553450165516167,0.07221870190525241,-7.003565181951777e-05,3.2375294462111475e-08,-5.663164476640226e-12,70.374
cf2oh_2000_,4.040826939092183,0.043615813376171354,-4.062328199226631e-05,1.8042140039662197e-08,-3.0514463519583087e-12,67.021
cf3ccf2_2000_,5.472529478371425,0.08842726259897181,-8.67195254422516e-05,3.939029753853984e-08,-6.755763695126771e-12,88.649
cf3cf2_2000_,5.221724822017807,0.07617107953839262,-7.490085912964368e-05,3.397205241444783e-08,-5.809384826625886e-12,81.611
cf3cf2chf_2000_,6.643232552826951,0.1082282956509005,-0.0001046009624364121,4.733291812467278e-08,-8.11545892114927e-12,93.054
cf3cf_carbene_2000_,5.3348153959560065,0.062413780106956834,-6.16738760013443e-05,2.8063671940308877e-08,-4.809638842166406e-12,80.585
cf3cfh2_2000_,3.361455970357511,0.07207738357690507,-5.897831759658821e-05,2.345889455624973e-08,-3.633409162229254e-12,75.638
cf3cfh_2000_,4.903483076377916,0.07017062933706945,-6.690677913022452e-05,3.0115916390730915e-08,-5.152451256955905e-12,78.199
cf3cfoh_2000_,5.144917449901716,0.08456930175299547,-8.252470732460702e-05,3.77084054162253e-08,-6.510775281444599e-12,82.605
cf3cfoh_cis_2000_,5.432516264069925,0.08367620802715214,-8.142802382551888e-05,3.712389651150221e-08,-6.398366345552001e-12,83.107
cf3ch2_2000_,3.656434291904217,0.06901044354028761,-6.589310526542694e-05,3.022748101674168e-08,-5.2813828343987035e-12,74.3
cf3ch3_2000_,2.2183937734761607,0.06887648072635646,-5.469088527022888e-05,2.169911001056105e-08,-3.398110208401878e-12,70.644
cf3chf_2000_,4.813952185105155,0.07035309933865001,-6.703599813257847e-05,3.015424532717953e-08,-5.156277548295031e-12,78.19
cf3h_2000_,2.849312356278024,0.04023008512741308,-3.146472063082573e-05,1.1792259933236981e-08,-1.7092197988489676e-12,62.103
cf3o_2000_,3.3106810829368225,0.054167772826622794,-5.4284668211956034e-05,2.4952044875284482e-08,-4.307764939186585e-12,69.645
cf3o_cf2o_prod_2000_,4.09838484761191,0.10954242648937264,-0.00010969682358608659,5.038927080619329e-08,-8.694549845003515e-12,90.555
cf3oh_2000_,2.5914202973756173,0.0632560193470637,-6.192339359352703e-05,2.8451642307335268e-08,-4.935334232722756e-12,69.302
cf4_cf3cf2_new_singet3_2000_,9.253201922340542,0.12330562780854205,-0.00012583557379521645,5.877634741828576e-08,-1.0284873107680895e-11,103.998
cfh2cfh2g_2000_,3.0525364678457056,0.04833505741627881,-2.183544473509253e-05,2.6108561648904585e-09,4.065073068833932e-13,67.995
cfh2cfh2t_2000_,3.798752771753101,0.045321683492599095,-1.7935158299139967e-05,5.137965236702953e-10,8.089257044494621e-13,68.617
cfh2cfhg_2000_,4.592773638364975,0.04671041505425105,-3.0365832879404382e-05,9.662701670363177e-09,-1.1959549861869209e-12,70.218
cfh2cfht_2000_,4.602642958882171,0.0466448430812424,-3.0265740878376416e-05,9.604837865266182e-09,-1.1845159165765027e-12,70.231
cfh2ch2g_2000_,4.544543455944621,0.04055921212826981,-2.2384332802583944e-05,5.853730070726365e-09,-5.529721455004124e-13,66.274
cfh2ch2t_2000_,2.5104269728881765,0.03985861304399216,-2.1206117115483913e-05,5.152866408526114e-09,-4.1009252870160297e-13,62.89
cfhch3_2000_,4.50133637691389,0.03792467677837296,-1.7580921382398557e-05,2.912510221821512e-09,4.775737887262122e-14,65.067
cfoh3_2000_,2.550136869721624,0.07926804592175572,-7.594933986640833e-05,3.519515258972902e-08,-6.188548978087739e-12,71.933
cfoh_2000_,3.9731849399291215,0.02697135184136516,-2.1754882314735158e-05,8.54218338221484e-09,-1.2963740964626805e-12,59.153
cfoh_cis_2000_,3.9553831817556064,0.02727584403215339,-2.213831581685628e-05,8.773535119900388e-09,-1.3482984767496697e-12,59.29
ch2F_2000_,5.8800214559673885,0.01475961601262223,-6.500064199077119e-06,1.0780758343757216e-09,2.835667154080173e-15,56.411
ch3_2000_,7.182944125104345,0.007134362421653081,9.562936059186577e-07,-1.683022124361286e-09,3.5054491756647827e-13,50.099
ch3ch2_2000_,5.292712018871837,0.028987493285157966,-6.404731387201203e-06,-2.483393374608642e-09,9.79419044397178e-13,61.458
chfo2_2000_,2.7681999311777976,0.04383503410991299,-3.967424020106692e-05,1.7435320172635548e-08,-2.9453229594396586e-12,63.928
cooh_2000_,5.113532031801245,0.02254539380246908,-1.7014458825565693e-05,6.527193358355158e-09,-9.96313330723953e-13,60.148
dHfa_2000_,3.9627803927849534,0.06960415683067044,-5.714341021943479e-05,2.2979162907383077e-08,-3.6023173684424324e-12,77.754
dHlactone_2000_,2.551271183056561,0.05406923265155734,-4.5638425074090956e-05,1.866701047084578e-08,-2.964580985187261e-12,67.692
dfaA_2000_,2.8393897343093717,0.06064393480402149,-4.9731384116780486e-05,1.9553265424044488e-08,-2.977696827907133e-12,71.627
dfa_2000_,3.9629948292747295,0.06960311448597234,-5.714165756634326e-05,2.297813431426761e-08,-3.6021487896679354e-12,77.755
dfa_dfa_ideal_2000_,9.611177355504408,0.136425622879198,-0.00010368102761214773,3.833163069512356e-08,-5.536585142823179e-12,118.894
dfa_hofprod_2000_,14.890950784137981,0.046023263736356214,-3.6828283208346355e-05,1.5028308855068374e-08,-2.43024060150496e-12,96.593
e1_minusH_2000_,9.656438737537286,0.2064150795420252,-0.0002037656240992374,9.269408798178826e-08,-1.588715093405752e-11,134.406
epoxide_2000_,2.756774374388543,0.08143406639239073,-7.993647818115455e-05,3.626550882482339e-08,-6.2081030312346104e-12,76.054
ester_2000_,9.76274386320183,0.2024153507242833,-0.00019771590213970503,8.938689036765808e-08,-1.5263087633852954e-11,131.107
ester_oh_2000_,9.526717548397762,0.23254184788916804,-0.00023163023488496044,1.0659691650875881e-07,-1.8457798506348895e-11,136.338
ethane1H_2000_,4.11984040849151,0.08040623076414966,-7.215553180157442e-05,3.0720991908110774e-08,-5.014741649203729e-12,79.748
ethane_2000_,3.9463747497209694,0.08361115401256775,-7.932247825325435e-05,3.562517592919723e-08,-6.08604837932158e-12,80.636
fbsa_2000_,11.23393775402923,0.2212467679037711,-0.0002190578343242539,1.0109278611552145e-07,-1.759338321412515e-11,131.185
fetsa_2000_,7.8023371684287595,0.1444165355017117,-0.00014251134592424986,6.598783450133919e-08,-1.153523534864718e-11,104.167
fhpsa_2000_,16.036791768267484,0.33743093831689586,-0.0003348602390888103,1.542082462858808e-07,-2.6759698377079675e-11,172.271
fhxsa_2000_,14.380653883526595,0.2988235310706866,-0.0002963570531413788,1.365378852901672e-07,-2.370875861044155e-11,158.234
fosa_2000_,17.75793945931144,0.3757842186481855,-0.00037302437238866516,1.71690702729016e-07,-2.9773629246388766e-11,185.925
fpesa_2000_,12.675966297362969,0.26038938487860275,-0.00025808400478505343,1.189959954614055e-07,-2.068329371494674e-11,144.222
fprsa_2000_,9.458225892995584,0.18305651521073607,-0.00018108256429248662,8.370512581478463e-08,-1.4596628350408098e-11,117.125
frd_903_0HFAts_prod_2000_,13.80768332990795,0.24854554147638155,-0.0002473398732097065,1.1403285942520067e-07,-1.9798989409368916e-11,155.115
frd_903_0HFAts_prod_COlossprod_2000_,9.76274386320183,0.2024153507242833,-0.00019771590213970503,8.938689036765808e-08,-1.5263087633852954e-11,131.093
frd_903_0HFAts_prod_minusHF_2000_,9.287146683558426,0.23194543988589109,-0.00022741497369698957,1.0314127994006178e-07,-1.7656733143670255e-11,138.469
frd_903_0HFAts_prod_prod_2000_,9.142713645949533,0.19359174017577155,-0.00019117271166199667,8.700648897231532e-08,-1.4919507859098215e-11,129.086
frd_903_0HFAts_prod_prod_hf_prod_E1_2000_,8.540608556334943,0.21078305166995392,-0.0002013152380880462,8.965653919362287e-08,-1.5141733152149124e-11,130.718
frd_903_2000_,10.060139545590069,0.25241239110112473,-0.0002466625462386273,1.1202298328398887e-07,-1.9219261219854735e-11,143.521
frd_903_carbF_2000_,11.577493987130389,0.2409000955016976,-0.0002363435894200528,1.0720973232744809e-07,-1.835357050456844e-11,144.757
frd_903_carbF_OH_2000_,11.03472825273969,0.27026191296176827,-0.00026828841705164733,1.2310013091212998e-07,-2.1267036933019725e-11,148.819
frd_903_cof_2000_,11.577493987130389,0.2409000955016976,-0.0002363435894200528,1.0720973232744809e-07,-1.835357050456844e-11,144.757
frd_903_cof_2h2oreact_2000_,24.879474894729796,0.27266437948793315,-0.0002677953764227794,1.238491314680947e-07,-2.1644503841876365e-11,173.813
frd_903_cof_OH_2000_,11.03472825273969,0.27026191296176827,-0.00026828841705164733,1.2310013091212998e-07,-2.1267036933019725e-11,148.819
frd_903_cof_co_fragA_2000_,9.656072387563189,0.2064185901327007,-0.0002037722705567575,9.269854975031541e-08,-1.5888155011638952e-11,134.399
frd_903_cof_co_fragB_2000_,6.203297552779039,0.012736481432403109,-9.085336416570403e-06,3.0625127940795256e-09,-3.9653533552673377e-13,59.493
frd_903_cof_h2o_react_2000_,21.362512733105984,0.24721831110723777,-0.00024079466237417044,1.096904857718957e-07,-1.8896873213036908e-11,164.386
frd_903frag62_Afrg2_2000_,7.052367958736051,0.11420668792929395,-0.00011277267741593709,5.13484088223428e-08,-8.810726661090183e-12,96.761
h2o_dimer_freq_gas_2000_,13.375431967269044,0.018734948199078658,-1.5613800401226984e-05,8.287787096851111e-09,-1.6965713708749217e-12,69.061
h3o_2000_,7.050626176434537,0.004278896139587228,4.350554866738901e-06,-3.3492400850167055e-09,6.614561634200571e-13,46.199
heptane1H_2000_,12.771712246887866,0.27204411090222613,-0.00026288128411237205,1.18121918577173e-07,-2.0089286851352882e-11,150.757
heptene_2000_,13.3728613034138,0.2516936210094194,-0.0002480392371653162,1.1297977929552947e-07,-1.9411312993875822e-11,147.337
hexane1H_2000_,10.968484602884983,0.23395919858156566,-0.0002250394190724456,1.0080495860467565e-07,-1.710606175391905e-11,136.852
hexane_2000_,11.36037883847016,0.24596583426287777,-0.00024425771445782103,1.1170557016825584e-07,-1.9232415457565004e-11,139.809
hexene_2000_,11.802092555542103,0.2128230586691841,-0.00020921960142681576,9.514249553499811e-08,-1.6328373614449713e-11,134.199
hfp_1oh_2nd_2000_,6.8412959464734655,0.12351006812430622,-0.00012169159561134885,5.5816301345509254e-08,-9.656920410913834e-12,102.16
hfpo_da_2000_,10.303931925202644,0.25129713877516496,-0.00024505306074087946,1.1108830715754512e-07,-1.9029933709429415e-11,144.528
hfpo_da_hexane_2000_,10.14031507787344,0.2529693560523724,-0.0002476814454255788,1.1262700501626651e-07,-1.933911586658712e-11,144.559
lactone_2000_,3.2355376829728706,0.06414787364379985,-6.220468685204749e-05,2.8178154091169205e-08,-4.8375446292170046e-12,71.645
natfa_2000_,8.744050411794287,0.07974356127286839,-7.741584841247786e-05,3.4922727926662703e-08,-5.9618764372207765e-12,91.478
natfa_dimer_2000_,20.23953015291067,0.1646933633869655,-0.0001622622737627498,7.41450460580774e-08,-1.2793136558042651e-11,141.908
nmefosaa_2000_,11.743126082742124,0.276132537974519,-0.00025754147745781836,1.1408121248005426e-07,-1.928699422754281e-11,153.137
octane1H_2000_,14.240668260102423,0.31129820150229565,-0.00030219504645249154,1.3622450447026662e-07,-2.3222945583220873e-11,164.188
octene_2000_,15.173640145048607,0.2898349585657109,-0.0002859653836939181,1.3034203306203987e-07,-2.2402984709475208e-11,161.734
pentane1H_2000_,9.373359765499329,0.19516944586270485,-0.00018632824312089688,8.303092619132766e-08,-1.4036270418000033e-11,123.176
pentane_2000_,9.792898187574995,0.2070314304717537,-0.0002053310861414746,9.380455289559209e-08,-1.613666025078256e-11,126.598
pentene_2000_,10.062861082200296,0.17448200915563908,-0.00017105436261923205,7.765754443852852e-08,-1.3314045772698711e-11,119.442
pfba_2000_,7.489749563220374,0.15979129476159148,-0.00015489795811680638,7.016762864295175e-08,-1.2031378516051456e-11,110.045
pfbcof_2000_,8.787651928186026,0.14926845933897265,-0.0001460142426034868,6.619258359291593e-08,-1.1336160683452045e-11,109.982
pfboh_2000_,8.27295856791747,0.1763991773536522,-0.00017406666672960508,7.97127378090826e-08,-1.3763303616882978e-11,113.586
pfbs_2000_,11.175412613922013,0.21519053957365789,-0.00021541718782638316,9.967282718543162e-08,-1.7343868508358158e-11,129.892
pfeoh_2000_,4.6898914247479535,0.10028671797396885,-9.857969050371656e-05,4.523083136623784e-08,-7.832421056216634e-12,84.568
pfets_2000_,7.862246706798434,0.13769827222038755,-0.00013790241021063054,6.402323698798472e-08,-1.1179606578981267e-11,101.57
pfhpa_2000_,12.705049981055254,0.27473217232273495,-0.0002692684761412503,1.2255779171063395e-07,-2.1063261032019103e-11,151.734
pfhpcof_2000_,14.07615614961876,0.26394672309478207,-0.0002600411704231294,1.1839317072560106e-07,-2.0330761425000028e-11,151.871
pfhpoh_2000_,13.37434751811428,0.2917423438002799,-0.00028895088339269743,1.3238171561868578e-07,-2.2849505893300363e-11,155.321
pfhps_2000_,16.251891581194595,0.3303940777077426,-0.00033000720835369844,1.5216146011467459e-07,-2.639405386591771e-11,172.057
pfhxa_2000_,10.972733126285755,0.23641991950626398,-0.00023116049759874986,1.0510699697280351e-07,-1.8055645668953495e-11,137.721
pfhxcof_2000_,12.286105381573455,0.22580707480307263,-0.00022213789304177556,1.010487808526451e-07,-1.7343210165843005e-11,137.548
pfhxoh_2000_,11.626165394036343,0.2534576844207423,-0.00025086309889261224,1.1493757054580214e-07,-1.9842602349312804e-11,141.242
pfhxs_2000_,14.784641539557159,0.29118413356314116,-0.00029076715019036935,1.3410139699584496e-07,-2.326870472916267e-11,158.459
pfoa_2000_,14.427230217785148,0.3131042276921941,-0.0003074730291390301,1.400675413880761e-07,-2.408328563750714e-11,165.667
pfocof_2000_,14.079811439496035,0.26393441277023577,-0.0002600234956185956,1.1838220223759973e-07,-2.0328378049276567e-11,151.881
pfooh_2000_,14.773677539483012,0.33120777668655144,-0.0003285247932516713,1.5062507943845454e-07,-2.6010740899035883e-11,168.239
pfos_2000_,18.357078026517254,0.3677531466782226,-0.0003670966460106967,1.6910693887531593e-07,-2.930783897485685e-11,187.095
pfpeoh_2000_,9.963671602846095,0.21491494627966323,-0.00021246458652494896,9.732918891473305e-08,-1.6804191395442395e-11,127.536
pfpna_2000_,9.224472027761133,0.19812186225689699,-0.00019304841735762274,8.764737694550598e-08,-1.5045338528603275e-11,123.69
pfpncof_2000_,10.495869352523107,0.18765827955643866,-0.00018421547728062176,8.36910687295559e-08,-1.4352591193215467e-11,123.371
pfpns_2000_,12.939700028563236,0.25323345343795883,-0.0002531019400487641,1.1688468305937792e-07,-2.030569721931846e-11,144.31
pfpra_2000_,5.728507176402932,0.12156045645722817,-0.00011687796564482688,5.275777981835042e-08,-9.030624705937303e-12,96.242
pfprcof_2000_,7.014785311701961,0.11109963622039883,-0.000108079427580458,4.8829662552302314e-08,-8.344492248931655e-12,95.56
pfproh_2000_,6.821330217510795,0.13714777304160797,-0.0001347893173583123,6.163925248704115e-08,-1.0636445956008527e-11,101.574
pfprs_2000_,9.535664323106719,0.1763362593424756,-0.00017650005100783192,8.176176860081781e-08,-1.4245847095346078e-11,116.915
pftoh_2000_,2.58419158702409,0.06319457726118403,-6.179459947789217e-05,2.837939622421383e-08,-4.922582795996157e-12,69.266
propane1H_2000_,5.92934250691527,0.11846374060866467,-0.00010999968046149043,4.806303171284926e-08,-8.00699671460481e-12,95.556
propene_2000_,6.370806833700528,0.09902616139967121,-9.648635060651796e-05,4.367643851172559e-08,-7.47850682599214e-12,89.775
propene_betaF_rad_2000_,5.492256413972446,0.0883765065976539,-8.666413108384927e-05,3.936296111766492e-08,-6.750791807963784e-12,88.754
propene_calpha_rad_2000_,6.732007732067814,0.08379491974725987,-8.086746582520371e-05,3.6292961364288095e-08,-6.16935225266573e-12,86.67
propene_talphaF_rad_2000_,6.426172816299623,0.08556501211103258,-8.359122779910303e-05,3.79156586780149e-08,-6.502247652814449e-12,86.64
tfa_2000_,1.8519323981589992,0.08379565614543656,-7.941703069638004e-05,3.563031219157448e-08,-6.0812851991350715e-12,75.177
tfa_tfa_ideal_2000_,9.575913252070729,0.16455196731089095,-0.00014821660357036763,6.371784508044417e-08,-1.0520635122455678e-11,124.476
tfa_tfa_ideal_4p15_2000_,10.378489602960945,0.16684155070988205,-0.00015445353238416817,6.795098907093979e-08,-1.14228752661649e-11,129.917
tfa_tfa_ideal_4p35_2000_,8.67483864604815,0.16746590038070275,-0.00015630805282096588,6.923810133472868e-08,-1.1700949570012605e-11,125.86
tfa_tfa_ideal_4p75_2nd_2000_,9.02956443262139,0.1678678475144118,-0.00015791044617847932,7.040738643487628e-08,-1.1959603479183629e-11,128.513
tfa_tfa_ideal_5p15_5th_2000_,9.202205630569669,0.16828696263425563,-0.00015907765938762226,7.120791057333118e-08,-1.213200545274847e-11,133.051
tfa_tfa_ideal_5p55_3rd_2000_,9.44247551988958,0.16804327432325822,-0.0001591815648821438,7.138532940405413e-08,-1.218005545289559e-11,137.146
tfa_tfa_ideal_5p95_2000_,9.586421912303965,0.16781566951917212,-0.0001590863377654611,7.139144458215175e-08,-1.2187784612558008e-11,138.702
tfcof_2000_,5.196882590087863,0.0731933327006083,-7.052360749770371e-05,3.1679669998991307e-08,-5.394492800380806e-12,79.91
tfcof_oh_2000_,4.6525928123582805,0.10214768556260911,-0.00010180267780636382,4.718008460192444e-08,-8.229910496983586e-12,85.743
tfoh_2000_,2.58419158702409,0.06319457726118403,-6.179459947789217e-05,2.837939622421383e-08,-4.922582795996157e-12,69.266
triflate_amide_2000_,5.757049074257365,0.10705862343336743,-0.00010551088092127837,4.910184602036343e-08,-8.632822716315156e-12,87.728
triflic_2000_,6.09556422803171,0.09974872981407286,-0.00010039255378191104,4.6933979131385575e-08,-8.246251803732178e-12,87.01
