Molecule,a0,a1,a2,a3,a4,S
1H_butane_2000_,8.233783920463802,0.1540241056558055,-0.00014398104147996974,6.30562993097941e-08,-1.0508011127896566e-11,121.952
1H_decane_2000_,21.644361514536573,0.37114618027490953,-0.00035446598552877056,1.5722619744372923e-07,-2.6415758469511275e-11,225.991
1H_dodecane_2000_,26.015115603474246,0.4438137674349405,-0.00042496553682382505,1.887863839550026e-07,-3.1749658457869145e-11,259.47
1H_ethane_2000_,3.8523487806643177,0.08156870910351248,-7.38267456878977e-05,3.1693524735788576e-08,-5.21237220052484e-12,86.783
1H_heptane_2000_,14.999974101297036,0.2623753806995972,-0.00024896688967221506,1.1000789028922219e-07,-1.8436918658437662e-11,173.858
1H_hexane_2000_,12.733136994853345,0.22630478427770634,-0.00021402780778057278,9.438531274993034e-08,-1.5798945485201443e-11,156.744
1H_methane_2000_,1.825994419604253,0.044674560506598675,-3.786033993009421e-05,1.552097560509965e-08,-2.4684282395881496e-12,65.945
1H_nonane_2000_,19.25534174562689,0.3353853524557649,-0.00031985672687673885,1.4176332759638713e-07,-2.3806512317037232e-11,207.737
1H_octane_2000_,17.0242546249913,0.29922455311632623,-0.00028482642773670116,1.2609905478136387e-07,-2.1161461472019027e-11,190.489
1H_pentane_2000_,10.623803475721086,0.18974743254818918,-0.00017852892352789374,7.848416029441118e-08,-1.3110540431071627e-11,139.855
1H_propane_2000_,6.2126266100161915,0.11723096055586171,-0.00010822836660457278,4.7032132806609805e-08,-7.797484880001093e-12,105.836
1H_undecane_2000_,23.820630060579262,0.4074319940050586,-0.000389617200090518,1.72943851646035e-07,-2.906969109872648e-11,242.578
1_butane_2000_,9.17080992305339,0.15250331859641436,-0.00014441464096148128,6.40560898396733e-08,-1.0787010173984868e-11,123.609
1_octane_alpha_prod_prod_ene_2000_,16.540370603529986,0.23794973878159567,-0.00022826389202298587,1.0144995597527505e-07,-1.706360053255196e-11,169.074
1_pentane_2000_,11.385224968038292,0.18874962166513257,-0.00017956543484216338,7.978693127983405e-08,-1.3444911850513108e-11,140.48
21_propene_2000_,2.756577834340811,0.09251950114642872,-8.396148205325561e-05,3.66459614518878e-08,-6.142752972948529e-12,87.573
22_butene_2000_,3.409889102508176,0.12298080182310439,-0.00010910075370343977,4.682942225481496e-08,-7.754727415765217e-12,100.768
22_fts_2000_,5.671681841447724,0.18538346392450178,-0.0001639834477345612,7.032668334601498e-08,-1.164041085743861e-11,131.883
22_ftsa_2000_,4.666542368022274,0.19345145405369563,-0.00016907336394623114,7.220025270902289e-08,-1.1939532695848243e-11,133.137
22ftoh_2000_,3.589492590576362,0.14352642741349056,-0.00011919770067880098,4.8824596478918496e-08,-7.817385627717499e-12,111.782
22rh_2000_,2.5684848316442466,0.13143091902966225,-0.00010648473038090268,4.285204772775319e-08,-6.783712480640247e-12,103.393
23_ftca_2000_,2.585284504294694,0.17220279180357212,-0.00014675031410119825,6.120847134448773e-08,-9.928613486920312e-12,124.47
2_butene_2000_,8.777618306837969,0.13313811865109218,-0.00012754850083326628,5.667404761104894e-08,-9.534512068753997e-12,118.086
2_heptene_2000_,15.650086080207855,0.2408580656950659,-0.00023162814741449142,1.0311907698397284e-07,-1.7364720772405917e-11,171.279
2_hexene_2000_,13.397696338426242,0.20462923370272795,-0.00019645150388577828,8.736455054040421e-08,-1.4701490025359476e-11,153.703
2_octene_2000_,17.758116842184695,0.2773797858193525,-0.0002670709969870175,1.1899066850175571e-07,-2.0047907778319995e-11,187.7
2_pentene_2000_,11.191663527809228,0.16843103031586024,-0.00016140479532500288,7.170032205188902e-08,-1.2057382869912203e-11,135.225
31_butene_2000_,5.0998522817621765,0.12807915673658565,-0.00011815330430960728,5.184851541887388e-08,-8.69873617581618e-12,106.099
32_fts_2000_,7.685785345937646,0.22220326830068074,-0.00019977769739248165,8.637433025041638e-08,-1.4355433508583815e-11,150.481
32_ftsa_2000_,6.799127853895944,0.22999868429727527,-0.0002045826854939325,8.811228734148329e-08,-1.463065779638839e-11,151.661
32_pentene_2000_,5.573298772609496,0.15934330937463387,-0.00014435935701087924,6.260473829553242e-08,-1.0419415330531479e-11,119.027
32ftoh_2000_,5.871959116846346,0.17920166811025492,-0.00015338035482777054,6.398299949824976e-08,-1.0362044555733974e-11,133.328
32rh_2000_,4.828037047294607,0.16760138313447312,-0.00014158484502516813,5.856598839682099e-08,-9.439227177665543e-12,122.654
33_ftca_2000_,4.8360539442076655,0.2083642533233294,-0.00018181270095218616,7.689458928728204e-08,-1.2577883179432092e-11,143.818
41_pentene_2000_,7.30486827773526,0.16431447213866743,-0.0001532599845587696,6.754704132150031e-08,-1.134958793613805e-11,124.341
42_fts_2000_,9.83248319022691,0.2586346423840081,-0.0002351279791366224,1.0220185499623929e-07,-1.70308211977499e-11,167.068
42_ftsa_2000_,8.962967259463113,0.26628097814791735,-0.00023970578541748788,1.0380940269517241e-07,-1.728017728908071e-11,168.034
42_hexene_2000_,7.807765933742103,0.19559012073733875,-0.00017953356977425976,7.835305518648068e-08,-1.3081230543221523e-11,136.394
42ftoh_2000_,7.942560896679808,0.2158624166145274,-0.00018900065683354436,7.994806957363661e-08,-1.3062717574285898e-11,146.713
42rh_2000_,6.906037143179975,0.2042326365149256,-0.000177162103323792,7.450644118786836e-08,-1.2135098481635964e-11,138.715
43_ftca_2000_,6.959596759644277,0.24489817804112246,-0.00021730663244496989,9.28030933958603e-08,-1.5269230324577165e-11,160.095
51_hexene_2000_,9.520741388301756,0.200590706438038,-0.00018845738799045408,8.330304992009807e-08,-1.40121247937941e-11,141.185
52_fts_2000_,11.982203918067002,0.29507298003892807,-0.0002704970854405319,1.1804150498923895e-07,-1.9708512599692085e-11,183.58
52_ftsa_2000_,11.083595236038544,0.30283454753117295,-0.00027522970211837466,1.197349893819141e-07,-1.997479959214843e-11,184.483
52_heptene_2000_,10.121512095655476,0.23154434602051363,-0.00021434550333944042,9.391127404193077e-08,-1.5707046774338096e-11,153.875
52ftoh_2000_,10.268458185142054,0.25176240642504516,-0.00022374066648096693,9.546815949587552e-08,-1.5681511644771717e-11,164.547
52rh_2000_,9.156916125083649,0.2403750722763398,-0.00021219371054753995,9.01773327040029e-08,-1.478203670579603e-11,156.137
53_ftca_2000_,9.091050483700279,0.28143562030601915,-0.00025280557359033017,1.0871093426511832e-07,-1.7959633780151307e-11,177.036
61_heptene_2000_,11.676258695314603,0.23707725037464253,-0.00022391771607163335,9.919852386001678e-08,-1.670127924846554e-11,158.164
62_fts_2000_,14.2379807794041,0.3312573843170899,-0.0003056091572030337,1.3376198876373325e-07,-2.2365664875678704e-11,201.207
62_ftsa_2000_,13.36691092943727,0.3389832755236462,-0.00031031883300646694,1.3544734363813674e-07,-2.2630619600505497e-11,202.345
62_octene_2000_,12.287600142213083,0.26791935273865225,-0.0002496328636341384,1.0970825668930807e-07,-1.8376966615107904e-11,170.839
62ftab_2000_,2.484387494068849,0.5486128472105034,-0.0004500030698168875,1.824769986006041e-07,-2.901812123923264e-11,266.809
62ftoh_2000_,12.336932739883942,0.2884716727754523,-0.00025943493538135073,1.1147477437472133e-07,-1.8390289291403406e-11,180.821
62rh_2000_,11.356219602956262,0.2766753888357033,-0.00024740881437752577,1.0594035804932208e-07,-1.7445711542052322e-11,173.119
71_octene_2000_,14.000391296363757,0.2729938680400069,-0.00025868980950822775,1.1474068041333017e-07,-1.9324986055835325e-11,175.951
butane1H_2000_,8.235219803518248,0.15390395325233472,-0.0001437651456778668,6.292611792770822e-08,-1.0481865375666644e-11,121.915
butene_2000_,9.996183981565496,0.12893125021379293,-0.00012251791950696904,5.4119707843514856e-08,-9.065720396606025e-12,116.505
butene_2OH_2000_,10.31213930384434,0.1535903623788783,-0.00014772317806800112,6.617772735678011e-08,-1.1216777506817266e-11,126.27
butene_OH_2000_,10.804209069134082,0.1529114000307216,-0.00014743071703500905,6.617295743298497e-08,-1.123218185128394e-11,129.926
butylallyl_2000_,11.1262914313715,0.11278229035331698,-0.00010683209704643383,4.704841296136503e-08,-7.860795347980343e-12,117.634
c2f4_2000_,6.871540342954786,0.05319113247734899,-4.907612164107393e-05,2.1294094880303636e-08,-3.528025094290399e-12,79.932
c2f4h2o_prod_2000_,3.9571249603149425,0.08926613757981922,-8.044362454274577e-05,3.483420559164866e-08,-5.790812274142354e-12,88.591
c2f4o_2000_,5.9264209282691995,0.0700270425203156,-6.596363940208993e-05,2.901919453437193e-08,-4.852521162668211e-12,86.633
c2f5_2000_,5.720102566688885,0.07359571204376153,-7.102591178788137e-05,3.167688112355282e-08,-5.338965380907723e-12,88.273
c2f5h_2000_,3.85708390604802,0.08141679698441603,-7.356564427501648e-05,3.154008251450471e-08,-5.182174134255035e-12,86.734
c2f6_2000_,5.4737897610406305,0.08836047589203493,-8.565906331353699e-05,3.833498537375189e-08,-6.478248493202443e-12,87.311
c2h6_2000_,0.4645530656754673,0.04250172847695003,-1.4510783873641264e-05,2.057028582368105e-10,5.786829349041511e-13,58.283
c3f6_2000_,8.125649714515042,0.09622220352941581,-9.336662274158271e-05,4.1796167970176645e-08,-7.063072349211552e-12,100.979
c3f7oh_2000_,8.32859726543803,0.1307635189266035,-0.00012568020695791787,5.633712075663142e-08,-9.556411217914729e-12,113.251
c4f9oh_2000_,10.326056369655033,0.16765406161881707,-0.00016156389125082017,7.243366408856203e-08,-1.2281092809374172e-11,128.591
c5_prim_sec_rad_isots_2000_,15.546452947544099,0.16698879661372382,-0.0001595884737069318,7.075145151500407e-08,-1.1880413319786953e-11,142.222
c5_rad_2000_,12.565506795191734,0.18186540349860406,-0.00017602642576189056,7.867145812911005e-08,-1.3280321287112429e-11,141.344
c5f11oh_2000_,12.509281153363869,0.20402748865009182,-0.00019687260468731604,8.824549139083647e-08,-1.495387147443239e-11,145.742
c6f13oh_2000_,14.665662836765456,0.2404341793655242,-0.00023219883762306038,1.0406189031726383e-07,-1.762714973985169e-11,162.663
c7_secondary_rad_2000_,17.14914087581319,0.25411050245354183,-0.00024618207386524195,1.1010221920214835e-07,-1.8595514017505366e-11,180.126
cbutane_diradical_2000_,11.082814787919277,0.12931963913584668,-0.0001244384428356098,5.53643059275188e-08,-9.313216864370588e-12,120.298
cf2_2000_,4.708221142893565,0.02007939101881454,-1.8443549299007897e-05,7.873091330724298e-09,-1.2781442570997115e-12,61.736
cf2coho_2000_,7.254017853055391,0.05833896962607078,-5.159289102134096e-05,2.201373319639106e-08,-3.6194658381560885e-12,84.823
cf2h_2000_,3.234032147816871,0.028934200055835923,-2.348198237292809e-05,9.367584347000184e-09,-1.4631941491760614e-12,64.327
cfo_2000_,5.982444871500497,0.013693029032688807,-1.0466470858451043e-05,3.869816995981853e-09,-5.611431458385496e-13,62.261
ch2F_2000_,5.292566309323877,0.017415580172729855,-1.0391722176900152e-05,3.367509585373908e-09,-4.656240670808387e-13,59.375
ch3_2000_,7.120311262960663,0.0073750852492298555,6.242603205761068e-07,-1.4937169699132631e-09,3.1255900645454915e-13,50.695
co_2000_,7.172870723474923,-0.002116774170147159,5.476173767726656e-06,-3.3635151390276904e-09,6.650483115600014e-13,49.234
epoxide_2000_,3.4926421262851597,0.07824117509957292,-7.534239904112104e-05,3.358696849324437e-08,-5.662692537100611e-12,82.634
fbsa_2000_,14.540985063917592,0.20689780763279922,-0.00019841186851358002,8.905536854014826e-08,-1.514233183286251e-11,150.143
fetsa_2000_,10.118999958381472,0.1343648627534625,-0.00012804852008526117,5.7555436188473945e-08,-9.818229562696956e-12,116.699
fhpsa_2000_,20.820705895034227,0.3166738311776394,-0.0003049939295486957,1.3679499702090527e-07,-2.3213986288794786e-11,200.834
fhxsa_2000_,18.66105897199578,0.2802511519718479,-0.0002696342334138491,1.2095741686512715e-07,-2.053623937570137e-11,183.588
fosa_2000_,23.02306334158303,0.3529391327716393,-0.000340153780705416,1.5252583584294817e-07,-2.5871249587083867e-11,217.699
fprsa_2000_,12.294128609937303,0.17075186397964026,-0.00016337804651716284,7.338269123747501e-08,-1.2494755230463284e-11,132.868
frd_903_2000_,12.586725923268402,0.24163968658054324,-0.0002312403918233336,1.0303850620700748e-07,-1.738914567894767e-11,164.512
heptane_2000_,16.417584026615128,0.269824629649548,-0.00026156050092684453,1.1702490364078055e-07,-1.9769963444105088e-11,177.709
heptene_2000_,16.540370603529986,0.23794973878159567,-0.00022826389202298587,1.0144995597527505e-07,-1.706360053255196e-11,169.074
hexane_2000_,14.225020156004751,0.23353617802619175,-0.00022637334217293502,1.0127825464181241e-07,-1.7109230698864053e-11,160.499
hexene_2000_,14.45084833285034,0.20133021497972323,-0.0001926831568996505,8.550108110771493e-08,-1.4365203471200516e-11,152.734
n_octane_twisted_2000_,18.338125267464754,0.3069540124791701,-0.0002977273089349192,1.3326703258027253e-07,-2.2521817744092232e-11,193.613
nmefosaa_2000_,13.546142026356025,0.2683087129167143,-0.0002462842082358928,1.0751773017785233e-07,-1.795052995134938e-11,176.478
octene_2000_,18.8044716229186,0.27408070599787043,-0.00026329742319729823,1.1712569799023705e-07,-1.971184326876596e-11,186.69
pentane_2000_,12.124454023643846,0.1969148247490543,-0.00019077484037500935,8.531766823280699e-08,-1.4408557680312128e-11,144.083
pentene_2000_,12.241515269972734,0.16502878087461345,-0.0001574526126758984,6.972717554716925e-08,-1.1699252677743743e-11,134.762
pfba_2000_,9.165768488860193,0.15251905136964244,-0.00014443431553927562,6.406689512201491e-08,-1.0789175108882887e-11,123.617
pfbal_2000_,10.462490029458209,0.14199489231232312,-0.00013554389506129417,6.008634938963007e-08,-1.0092621183233064e-11,123.132
pfbcof_2000_,10.463804271830844,0.14199569050158073,-0.0001355498424994423,6.009141162137822e-08,-1.0093842428560151e-11,123.142
pfboh_2000_,10.301150219642224,0.16759890763629104,-0.00016140442628866537,7.23301365882417e-08,-1.2260081838633141e-11,128.493
pfbs_2000_,14.324593820942638,0.20152653035536058,-0.00019575676277257197,8.821001761438654e-08,-1.5009826714873498e-11,148.334
pfeoh_2000_,5.830939579640092,0.0953358090360396,-9.145609087751812e-05,4.1077482707860106e-08,-6.986730638480765e-12,93.051
pfets_2000_,9.992710799780157,0.12845447811591762,-0.0001246019993619207,5.626857100144442e-08,-9.600625849870426e-12,113.58
pfhpa_2000_,15.812283480654289,0.2612498558999069,-0.0002498694881390855,1.1124739127111021e-07,-1.876027111435974e-11,174.945
pfhpcof_2000_,17.158456347632626,0.25057263741682806,-0.00024079790866868587,1.0717356765509861e-07,-1.80462866872233e-11,174.673
pfhpoh_2000_,16.859725044637308,0.27661931952266,-0.0002671911657997424,1.196949186546331e-07,-2.0266233136112533e-11,179.862
pfhps_2000_,20.879319920140475,0.3103159379416999,-0.0003011178298162632,1.3531779935333226e-07,-2.296440815285905e-11,200.119
pfhxa_2000_,13.607299963515535,0.22498851641642179,-0.00021471246019980184,9.551711991175656e-08,-1.610292454934381e-11,157.721
pfhxcof_2000_,14.907460409824179,0.21443304653290826,-0.000205772407882457,9.150703799616655e-08,-1.5400347663785396e-11,157.135
pfhxoh_2000_,14.638030003917224,0.24038924490795355,-0.00023205961454537464,1.0397437692468087e-07,-1.7610274349877386e-11,162.568
pfhxs_2000_,18.866046973728373,0.2734751762144505,-0.00026528666350446247,1.1924525631287482e-07,-2.0243751119863873e-11,183.326
pfoa_2000_,18.018810695580108,0.2975203212338741,-0.00028505017438410423,1.269941047810834e-07,-2.1421253659781314e-11,192.09
pfocof_2000_,17.160592908184956,0.25056691633730926,-0.00024078971479561545,1.071681268991799e-07,-1.8045065441896213e-11,174.684
pfooh_2000_,18.831801035625148,0.3135996275922692,-0.00030318936015731775,1.358534980542257e-07,-2.3003043914116006e-11,195.971
pfos_2000_,23.37518770656327,0.3459798012002871,-0.00033576812653770123,1.5084115870267218e-07,-2.5588642316165533e-11,218.408
pfpeoh_2000_,12.479192543702979,0.20400014669707417,-0.00019675986088150507,8.817269624822842e-08,-1.4939743886444035e-11,145.655
pfpes_2000_,16.571420816590667,0.23747569745599584,-0.00023042893348488712,1.0366541712891818e-07,-1.7614049108161112e-11,165.957
pfpna_2000_,11.386310270491723,0.18874164112769387,-0.00017955171707871733,7.977824861195456e-08,-1.3443052226946861e-11,140.475
pfpncof_2000_,12.653379336511817,0.1782968901808635,-0.00017074587158359426,7.583774072085752e-08,-1.2753520461927792e-11,139.741
pfpra_2000_,6.933135589196336,0.11633358926301224,-0.00010935730657665996,4.837292454515027e-08,-8.137782114836511e-12,106.6
pfprcof_2000_,8.225603128411418,0.10584596867181587,-0.00010052020534983011,4.4422326746899085e-08,-7.447084615641586e-12,105.507
pfproh_2000_,8.301154672256649,0.13072685693444785,-0.00012555060358077357,5.625270398562686e-08,-9.539619094667273e-12,113.288
pfprs_2000_,12.187317079910633,0.16483103194548931,-0.0001599457830221796,7.210997359545165e-08,-1.2280565453437475e-11,132.14
propene_2000_,5.733801837521527,0.09334865133099453,-8.840420213724015e-05,3.898627714121739e-08,-6.525835427595439e-12,92.783
tfa_2000_,2.5577929847895002,0.08073294241902068,-7.50102578425066e-05,3.306097752486646e-08,-5.558123405968729e-12,81.742
tfcof_2000_,5.925368818757759,0.07003250882087932,-6.597566737878348e-05,2.9028032914716912e-08,-4.854588953051575e-12,86.645
triflate_amide_2000_,7.6419264889732545,0.09888049098975561,-9.374379269262306e-05,4.224117232486514e-08,-7.235878562994458e-12,97.023
triflic_2000_,7.819706037968036,0.09226800445095884,-8.962892848451352e-05,4.065836310359651e-08,-6.9684258363622575e-12,95.821
