Molecule,a0,a1,a2,a3,a4,H_f_0K,S(300K)
O,4.9682,0.0,0.0,0.0,0.0,58.997,36.469
F,4.9682,0.0,0.0,0.0,0.0,18.47,36.176
HF,7.0265,-0.00037026,2.8603e-07,3.5144e-10,-1.431e-13,-65.18,41.525
O2,6.4985,0.0010753,2.0695e-06,-1.9132e-09,4.4411e-13,0.0,48.998
CO2,4.7791,0.016904,-1.3214e-05,5.1722e-09,-8.0625e-13,0.0,52.42
CF2,4.717,0.02003,-1.8375e-05,7.8361e-09,-1.2712e-12,-46.34,57.490866
CFO,6.2029,0.012742,-9.094e-06,3.0673e-09,-3.974e-13,-42.21,59.494
CF2O2,5.1022,0.046575,-4.5021e-05,2.0322e-08,-3.4783e-12,-41.1,69.181
OH,7.075,-0.00071119,9.4987e-07,-2.5493e-11,-7.4926e-14,8.91,42.602
H2O,7.7961,-0.0003717,3.9034e-06,-1.9865e-09,3.1579e-13,-57.1,46.425211
CF2_OH,3.997,0.043748,-4.0781e-05,1.8126e-08,-3.0676e-12,-109.79,13.856
CF2_H2O,14.805,0.024927,-2.0714e-05,9.0626e-09,-1.556e-12,-104.47,81.788
CF2H2O,2.7417,0.048881,-3.9527e-05,1.5808e-08,-2.4701e-12,-159.19,65.583
CF2_2H2O,16.729,0.054232,-5.1587e-05,2.5035e-08,-4.6257e-12,-167.11,97.532
CF22H2O,14.805,0.024927,-2.0714e-05,9.0626e-09,-1.556e-12,-238.46,81.788
CF4,2.1845,0.056239,-5.5907e-05,2.5549e-08,-4.3923e-12,-221.71,62.561
CF2O,3.5356,0.033932,-3.0739e-05,1.3171e-08,-2.163e-12,-144.2,61.794995
CF2O_H2O,13.759,0.038391,-3.2525e-05,1.4095e-08,-2.3882e-12,-205.55,84.355874
CF2OH2O,2.7915,0.070727,-6.8414e-05,3.1592e-08,-5.5236e-12,-217.61,70.838
CF2O_2H2O,16.608,0.066137,-6.2547e-05,2.9948e-08,-5.4747e-12,-275.55,97.532
CF2O2H2O,8.1811,0.088948,-8.5855e-05,4.0532e-08,-7.2617e-12,-295.56,88.046
CF3,3.5673,0.037178,-3.5578e-05,1.5742e-08,-2.635e-12,-111.17,65.368433
CF3O,3.3106,0.054168,-5.4285e-05,2.4952e-08,-4.3078e-12,-101.42,69.645
C2F4,4.9648,0.061892,-6.2021e-05,2.902e-08,-5.1284e-12,-160.29,73.976691
C2F4_OH,5.5231,0.083345,-8.0976e-05,3.6864e-08,-6.3455e-12,-210.36,24.195
C2F4O2,7.0756,0.085872,-8.4612e-05,3.8465e-08,-6.5923e-12,-145.69,88.684
C2F4O_CFO,5.197,0.073191,-7.0516e-05,3.1674e-08,-5.393e-12,-246.94,79.899
C2F4O_epox,2.7566,0.081434,-7.9936e-05,3.6265e-08,-6.2081e-12,-230.5,76.054
C3F6O_epox,4.2664,0.11981,-0.00011762,5.3321e-08,-9.1184e-12,-337.64,91.474
C3F6O2_dioxane,4.2387,0.13347,-0.00013031,5.8702e-08,-9.9786e-12,0.0,95.386
C3F6O2_1st,8.4398,0.12567,-0.00012458,5.6876e-08,-9.7768e-12,0.0,106.04
C4F7O,8.9241,0.13439,-0.00013079,5.906e-08,-1.0085e-11,-300.33,106.98
C2F3O,7.1063,0.052812,-4.9096e-05,2.1525e-08,-3.6064e-12,-146.25,76.899
CF3CFO,3.1263,0.07355,-7.0999e-05,3.1939e-08,-5.4447e-12,-260.52,74.839
CF3CFOH,5.4323,0.083676,-8.1428e-05,3.7124e-08,-6.3984e-12,-231.88,83.107
CF2OH,4.0407,0.043616,-4.0623e-05,1.8042e-08,-3.0514e-12,-109.79,67.02
C2F5,5.8156,0.073558,-7.1129e-05,3.1771e-08,-5.3613e-12,-213.0,81.437321
C3F7,6.2485,0.11815,-0.00011889,5.5103e-08,-9.604e-12,-312.05,96.543888
C4F9,10.458,0.14535,-0.00014061,6.2826e-08,-1.0604e-11,-409.98,114.89
C5F11,12.509,0.1821,-0.00017635,7.8856e-08,-1.3317e-11,-507.44,124.440708
C6F13,14.833,0.21805,-0.00021118,9.4427e-08,-1.5946e-11,-605.04,138.77868
C7F15,16.979,0.25448,-0.00024654,1.1027e-07,-1.8624e-11,-702.8,152.659706
C8F17,15.505,0.30662,-0.00030447,1.3926e-07,-2.3979e-11,-800.34,166.66
C3F4,6.1059,0.069647,-6.6678e-05,2.9971e-08,-5.1212e-12,-119.08,81.873
C3F5,10.973,0.071301,-6.6791e-05,2.9348e-08,-4.9154e-12,-160.82,90.468
C4F7,9.4988,0.11984,-0.00011699,5.2971e-08,-9.0669e-12,-274.97,106.35
PFOA,14.415,0.31312,-0.00030747,1.4006e-07,2.4081e-11,-824.72,165.64
C7F15OH,13.438,0.29164,-0.0002889,1.3236e-07,-2.2846e-11,-803.55,155.44
C6F13OH,11.677,0.2534,-0.00025085,1.1494e-07,-1.9842e-11,-705.78,141.33
C5F11OH,10.013,0.21486,-0.00021245,9.733e-08,-1.6804e-11,-608.21,127.61
C4F9OH,8.3241,0.17634,-0.00017406,7.9719e-08,-1.3765e-11,-510.19,113.68
C3F7OH,6.8733,0.13708,-0.0001347,6.1633e-08,-1.0635e-11,-412.21,101.53
C2F5OH,4.7496,0.1002,-9.8541e-05,4.522e-08,-7.8301e-12,-315.65,84.634
CF3OH,2.5913,0.063256,-6.1923e-05,2.8452e-08,-4.9353e-12,-211.99,69.302
PFHpA,12.695,0.27476,-0.00026931,1.2258e-07,-2.1067e-11,-726.25,151.7
PFHxA,10.971,0.23643,-0.00023117,1.0511e-07,-1.8056e-11,-627.8,137.71
PFPnA,9.2229,0.19813,-0.00019306,8.7656e-08,-1.5047e-11,-529.33,123.69
PFBA,7.4932,0.15978,-0.00015489,7.0161e-08,-1.203e-11,-430.68,110.04
PFPrA,5.734,0.12156,-0.00011689,5.2764e-08,-9.0321e-12,-331.96,96.214
TFA,3.9462,0.08361,-7.9322e-05,3.5625e-08,-6.086e-12,-250.52,80.676
C2F5,5.218,0.076149,-7.4857e-05,3.3946e-08,-5.8041e-12,-213.0,81.587
C2F6,4.4745,0.092686,-9.1877e-05,4.1959e-08,-7.2161e-12,-320.02,79.457408
C3F8,1.9759,0.054518,-1.0129e-05,-6.9031e-09,2.4466e-12,-418.32,64.110605
C4F10,8.0151,0.16889,-0.00016744,7.6472e-08,-1.3152e-11,-516.57,112.543919
C5F12,9.7925,0.20703,-0.00020533,9.3804e-08,-1.6137e-11,-615.05,126.598051
C6F14,10.98,0.23381,-0.00022478,1.0065e-07,-1.7075e-11,-713.26,136.849473
C7F16,13.078,0.28431,-0.00028241,1.2918e-07,-2.2245e-11,-811.67,153.808976
C8F18,14.412,0.32398,-0.00032223,1.4755e-07,-2.5431e-11,-909.28,166.526512
CF3H,2.8492,0.04023,-3.1465e-05,1.1792e-08,-1.7092e-12,-164.85,62.105
C2F5H,4.1197,0.080406,-7.2155e-05,3.0721e-08,-5.0147e-12,-263.33,79.748
C3F7H,5.9291,0.11846,-0.00011,4.8063e-08,-8.007e-12,-361.38,95.555
C4F9H,7.3881,0.1577,-0.00014927,6.6139e-08,-1.1136e-11,-458.61,108.51
sC4F9H,6.6609,0.16006,-0.00015202,6.7509e-08,-1.1384e-11,-457.83,107.67
C5F11H,9.373,0.19517,-0.00018633,8.3031e-08,-1.4036e-11,-556.45,123.18
C6F13H,10.96,0.23396,-0.00022504,1.008e-07,-1.7106e-11,-654.01,136.85
C7F15H,12.771,0.27204,-0.00026288,1.1812e-07,-2.0089e-11,-751.79,150.76
C8F17H,14.24,0.3113,-0.00030219,1.3622e-07,-2.3223e-11,-958.27,164.19
cC3F6,6.2633,0.099252,-9.5961e-05,4.3009e-08,-7.2926e-12,-234.7,95.930591
C3F6,6.3689,0.09903,-9.6489e-05,4.3677e-08,-7.4784e-12,-264.42,89.765305
cC4F8,6.2333,0.14106,-0.00013679,6.1391e-08,-1.0415e-11,-370.51,96.448287
1C4F8,8.2447,0.13653,-0.00013345,6.0494e-08,-1.0364e-11,-371.81,104.398839
1C4F8_OH,8.959,0.16092,-0.00015895,7.2888e-08,-1.26e-11,-419.97,44.901
2C4F8_OH,8.3784,0.16198,-0.00015979,7.3215e-08,-1.265e-11,-414.97,44.591
2C4F8,7.1603,0.14015,-0.00013764,6.256e-08,-1.0733e-11,-379.88,106.06
rC4F8,9.9754,0.13412,-0.00013135,5.9394e-08,-1.0134e-11,-296.79,107.9
1C5F10,10.062,0.17448,-0.00017105,7.7657e-08,-1.3314e-11,-470.07,119.44
2C5F10,9.1206,0.17742,-0.00017433,7.9238e-08,-1.3592e-11,-478.17,119.98
1C6F12,11.802,0.21282,-0.00020922,9.5142e-08,-1.6328e-11,-567.5,134.2
2C6F12,10.874,0.21558,-0.0002122,9.6548e-08,-1.6571e-11,-575.6,135.25
1C7F14,13.372,0.25169,-0.00024804,1.1298e-07,-1.9411e-11,-665.26,147.34
2C7F14,12.666,0.2538,-0.00025026,1.1398e-07,-1.9576e-11,-673.36,149.61
1C8F16,15.173,0.28984,-0.00028597,1.3034e-07,-2.2403e-11,-763.52,161.73
2C8F16,14.264,0.29254,-0.00028888,1.3171e-07,-2.2637e-11,-771.62,162.83
sC3F7,7.8084,0.11084,-0.00010769,4.8276e-08,-8.1682e-12,-318.55,99.051
sC4F9,8.7357,0.153,-0.00015161,6.9212e-08,-1.1899e-11,-417.63,113.918165
sC5F11,10.623,0.19066,-0.00018888,8.6216e-08,-1.4822e-11,-515.44,129.45
sC6F13,12.314,0.22917,-0.00022726,1.0382e-07,-1.7861e-11,-613.03,142.85
sC7F15,14.118,0.26726,-0.0002651,1.2113e-07,-2.0842e-11,-710.8,157.13
sC8F17,15.714,0.30607,-0.00030385,1.3894e-07,-2.3918e-11,-917.28,170.93
C2F4H2O,4.0754,0.088753,-7.9704e-05,3.4403e-08,-5.7031e-12,-264.63,80.947
PFHPAL,14.026,0.26416,-0.00026033,1.1856e-07,-2.0363e-11,-723.56,151.43
PFHXAL,12.294,0.22583,-0.00022218,1.0108e-07,-1.7349e-11,-625.09,137.47
PFPNAL,10.555,0.18749,-0.00018403,8.3596e-08,-1.4335e-11,-526.63,123.47
PFBAL,8.7828,0.1493,-0.00014605,6.6213e-08,-1.134e-11,-427.98,109.8
PFPAL,6.9898,0.11121,-0.00010823,4.8915e-08,-8.3612e-12,-329.38,95.557
TFAL,5.1988,0.073197,-7.053e-05,3.1683e-08,-5.3949e-12,-248.11,79.943
CFOH3,2.55,0.079268,-7.5949e-05,3.5195e-08,-6.1885e-12,-207.12,71.934
CH2F,5.88,0.01476,-6.5001e-06,1.0781e-09,2.8349e-15,-134.46,56.413
CF2OH2,2.252,0.072219,-7.0036e-05,3.2375e-08,-5.6632e-12,-212.82,70.375
LACTONE,3.2354,0.064148,-6.2205e-05,2.8178e-08,-4.8375e-12,-139.22,71.645
CH3,7.1829,0.0071344,9.563e-07,-1.683e-09,3.5055e-13,35.82,50.1
CF2H,4.4063,0.023832,-1.6126e-05,5.074e-09,-5.884e-13,-180.46,61.224
COOH2,1.5339,0.053254,-4.6667e-05,2.0232e-08,-3.3924e-12,-145.57,64.209
CHO2H,3.6706,0.02813,-1.5848e-05,4.0187e-09,-3.2562e-13,-88.67,59.346
CFHO,4.9136,0.018727,-8.9371e-06,1.2606e-09,1.1759e-13,-199.45,58.965
CFOH,3.9553,0.027276,-2.2138e-05,8.7735e-09,-1.3483e-12,-159.77,59.289
CFO2H,2.562,0.043465,-3.8491e-05,1.657e-08,-2.7499e-12,-147.28,63.717
CFO2,3.743,0.036252,-3.4428e-05,1.517e-08,-2.5331e-12,-80.0,64.74
CF2COHO,6.6578,0.060926,-5.5314e-05,2.4184e-08,-4.0613e-12,-269.0,78.453
COOH,5.1135,0.022545,-1.7014e-05,6.5272e-09,-9.9631e-13,-45.14,60.148
CO,7.1988,-0.0022294,5.639e-06,-3.4589e-09,6.8452e-13,-27.2,47.228
CF3CO,5.8249,0.059384,-5.8436e-05,2.6774e-08,-4.637e-12,-147.16,77.255
CHFO2,2.7681,0.043835,-3.9674e-05,1.7435e-08,-2.9453e-12,0.0,63.927
CF2O_OH,2.885,0.063918,-6.3631e-05,2.9606e-08,-5.1842e-12,0.0,70.725
TFCOH,3.1263,0.07355,-7.0999e-05,3.1939e-08,-5.4447e-12,0.0,74.839
TFCOF_OH,4.6524,0.10215,-0.0001018,4.718e-08,-8.2299e-12,0.0,85.745
HFPO-DA,10.06,0.25241,-0.00024666,1.1202e-07,-1.9219e-11,0.0,143.52
HFPO-DAF,11.577,0.2409,-0.00023634,1.0721e-07,-1.8354e-11,0.0,144.76
HFPO-DAlac,9.2867,0.23195,-0.00022741,1.0314e-07,-1.7657e-11,0.0,138.47
HFPO-DAester,9.7623,0.20242,-0.00019772,8.9387e-08,-1.5263e-11,0.0,131.11
HFPO-DAest_OH,9.5262,0.23254,-0.00023163,1.066e-07,-1.8458e-11,0.0,136.34
HFPO-DAF_OH,11.034,0.27026,-0.00026829,1.231e-07,-2.1267e-11,0.0,148.82
E1,8.5402,0.21078,-0.00020132,8.9656e-08,-1.5142e-11,0.0,130.72
E1_minusH,9.656,0.20642,-0.00020377,9.2694e-08,-1.5887e-11,0.0,134.41
1Hbutane,7.3837,0.15771,-0.00014929,6.615e-08,-1.1138e-11,0.0,108.5
1Hdecane,17.974,0.38707,-0.00037737,1.7058e-07,-2.9135e-11,0.0,193.25
1Hdodecane,21.372,0.46396,-0.00045395,2.0568e-07,-3.519e-11,0.0,220.31
1Hethane,4.1218,0.080399,-7.2144e-05,3.0713e-08,-5.0126e-12,0.0,79.742
1Hheptane,12.771,0.27204,-0.00026288,1.1812e-07,-2.0089e-11,0.0,150.76
1Hhexane,10.97,0.23395,-0.00022503,1.008e-07,-1.7106e-11,0.0,136.86
1Hmethane,2.8523,0.040222,-3.1453e-05,1.1785e-08,-1.7078e-12,0.0,62.105
1Hnonane,16.009,0.34947,-0.00034012,1.5358e-07,-2.6212e-11,0.0,178.23
1Hoctane,14.242,0.3113,-0.0003022,1.3623e-07,-2.3223e-11,0.0,164.19
1Hpentane,9.3716,0.19518,-0.00018634,8.3041e-08,-1.4038e-11,0.0,123.17
1Hpropane,5.93,0.11846,-0.00010999,4.806e-08,-8.0068e-12,0.0,95.578
1Hundecane,19.677,0.42541,-0.00041548,1.8802e-07,-3.214e-11,0.0,206.63
2_butene,7.1603,0.14015,-0.00013764,6.256e-08,-1.0733e-11,0.0,106.06
22fts,5.8068,0.1848,-0.00016314,6.9834e-08,-1.154e-11,0.0,116.65
22ftsa,4.8978,0.19245,-0.00016763,7.1358e-08,-1.1768e-11,0.0,117.55
22ftoh,5.3206,0.13602,-0.00010839,4.2523e-08,-6.5343e-12,0.0,100.02
22rh,3.92,0.12557,-9.8047e-05,3.7932e-08,-5.782e-12,0.0,92.759
23ftca,3.8371,0.16677,-0.00013893,5.6652e-08,-9.0007e-12,0.0,110.95
32fts,7.3234,0.22377,-0.00020204,8.7692e-08,-1.4624e-11,0.0,132.06
32ftsa,6.5237,0.23119,-0.0002063,8.9114e-08,-1.4835e-11,0.0,132.86
32ftoh,7.1538,0.17364,-0.00014538,5.9317e-08,-9.4119e-12,0.0,118.37
32rh,5.7499,0.1636,-0.00013583,5.521e-08,-8.7559e-12,0.0,108.8
33ftca,5.6588,0.20479,-0.00017668,7.3899e-08,-1.1968e-11,0.0,127.08
42fts,8.9874,0.2623,-0.0002404,1.0528e-07,-1.7657e-11,0.0,145.44
42ftsa,8.2187,0.26951,-0.00024435,1.0652e-07,-1.7831e-11,0.0,146.03
42ftoh,8.7226,0.21248,-0.00018413,7.7108e-08,-1.2484e-11,0.0,128.55
42rh,7.3155,0.20246,-0.0001746,7.3015e-08,-1.1831e-11,0.0,121.66
43fta,7.2844,0.24349,-0.00021528,9.162e-08,-1.5028e-11,0.0,140.15
52fts,10.63,0.30094,-0.00027894,1.2296e-07,-2.0711e-11,0.0,158.75
52ftoh,10.612,0.25027,-0.00022159,9.4216e-08,-1.5427e-11,0.0,143.17
52rh,9.1028,0.24061,-0.00021253,9.0373e-08,-1.4822e-11,0.0,135.87
53ftca,8.896,0.28228,-0.00025402,1.0942e-07,-1.8104e-11,0.0,153.89
62fts,12.421,0.33914,-0.00031695,1.4037e-07,-2.3712e-11,0.0,173.15
62ftsa,11.639,0.34648,-0.00032111,1.4174e-07,-2.3911e-11,0.0,173.91
62ftab,7.1203,0.5285,-0.00042106,1.656e-07,-2.5582e-11,0.0,224.93
62ftoh,12.145,0.2893,-0.00026063,1.1217e-07,-1.8532e-11,0.0,156.24
62rh,10.821,0.279,-0.00025075,1.0789e-07,-1.7842e-11,0.0,149.64
fbsa,11.233,0.22125,-0.00021906,1.0109e-07,-1.7593e-11,0.0,131.19
fetsa,7.802,0.14442,-0.00014251,6.5988e-08,-1.1535e-11,0.0,104.17
fhpsa,16.036,0.33743,-0.00033486,1.5421e-07,-2.676e-11,0.0,172.27
fpesa,12.675,0.26039,-0.00025808,1.19e-07,-2.0683e-11,0.0,144.22
fprsa,9.4579,0.18306,-0.00018108,8.3705e-08,-1.4597e-11,0.0,117.13
nmefosaa,11.743,0.27613,-0.00025754,1.1408e-07,-1.9287e-11,0.0,153.14
pfbcof,8.7874,0.14927,-0.00014601,6.6193e-08,-1.1336e-11,0.0,109.98
pfboh,8.2726,0.1764,-0.00017407,7.9713e-08,-1.3763e-11,0.0,113.59
pfbs,11.175,0.21519,-0.00021542,9.9673e-08,-1.7344e-11,0.0,129.89
tfa,1.8518,0.083796,-7.9417e-05,3.563e-08,-6.0813e-12,0.0,75.178
pfpra,5.7283,0.12156,-0.00011688,5.2758e-08,-9.0306e-12,0.0,96.243
pfba,7.4894,0.15979,-0.0001549,7.0168e-08,-1.2031e-11,0.0,110.04
pfpna,9.2241,0.19812,-0.00019305,8.7647e-08,-1.5045e-11,0.0,123.69
pfhxa,10.972,0.23642,-0.00023116,1.0511e-07,-1.8056e-11,0.0,137.72
pfhpa,12.704,0.27473,-0.00026927,1.2256e-07,-2.1063e-11,0.0,151.73
pfoa,14.427,0.3131,-0.00030747,1.4007e-07,-2.4083e-11,0.0,165.67
pfetoh,4.6897,0.10029,-9.858e-05,4.5231e-08,-7.8324e-12,0.0,84.567
pfets,7.862,0.1377,-0.0001379,6.4023e-08,-1.118e-11,0.0,101.57
pfhpoh,13.374,0.29174,-0.00028895,1.3238e-07,-2.2849e-11,0.0,155.32
pfhps,16.251,0.33039,-0.00033001,1.5216e-07,-2.6394e-11,0.0,172.06
pfhxcof,12.286,0.22581,-0.00022214,1.0105e-07,-1.7343e-11,0.0,137.55
pfhxoh,11.626,0.25346,-0.00025086,1.1494e-07,-1.9843e-11,0.0,141.24
pfhxs,14.784,0.29118,-0.00029077,1.341e-07,-2.3269e-11,0.0,158.46
pfocof,14.079,0.26393,-0.00026002,1.1838e-07,-2.0328e-11,0.0,151.88
pfooh,14.773,0.33121,-0.00032852,1.5062e-07,-2.6011e-11,0.0,168.24
pfos,18.356,0.36775,-0.0003671,1.6911e-07,-2.9308e-11,0.0,187.1
pfpnoh,9.9632,0.21492,-0.00021246,9.7329e-08,-1.6804e-11,0.0,127.54
pfpncof,10.495,0.18766,-0.00018422,8.3691e-08,-1.4353e-11,0.0,123.37
pfpns,12.939,0.25323,-0.0002531,1.1688e-07,-2.0306e-11,0.0,144.31
pfprcof,7.0146,0.1111,-0.00010808,4.883e-08,-8.3445e-12,0.0,95.561
pfproh,6.8211,0.13715,-0.00013479,6.1639e-08,-1.0636e-11,0.0,101.58
pfprs,9.5353,0.17634,-0.0001765,8.1762e-08,-1.4246e-11,0.0,116.92
pftoh,2.5841,0.063195,-6.1795e-05,2.8379e-08,-4.9226e-12,0.0,69.267
tfcof,5.1967,0.073193,-7.0524e-05,3.168e-08,-5.3945e-12,0.0,79.91
triflate_amide,5.7568,0.10706,-0.00010551,4.9102e-08,-8.6328e-12,0.0,87.728
triflic,6.0954,0.099749,-0.00010039,4.6934e-08,-8.2463e-12,0.0,87.011
2_heptene,12.666,0.2538,-0.00025026,1.1398e-07,-1.9576e-11,0.0,149.61
2_hexene,10.874,0.21558,-0.0002122,9.6548e-08,-1.6571e-11,0.0,135.25
2_octene,14.264,0.29254,-0.00028888,1.3171e-07,-2.2637e-11,0.0,162.83
2_pentene,9.1206,0.17742,-0.00017433,7.9238e-08,-1.3592e-11,0.0,119.98
3_heptene,12.506,0.25394,-0.00025027,1.1396e-07,-1.9573e-11,0.0,148.04
3_hexene,11.098,0.21463,-0.00021096,9.588e-08,-1.6444e-11,0.0,136.16
3_octene,14.413,0.29173,-0.00028775,1.3108e-07,-2.2517e-11,0.0,164.18
4_octene,14.243,0.29219,-0.00028826,1.3134e-07,-2.2565e-11,0.0,163.27
21_propene,2.3416,0.09432,-8.6552e-05,3.8156e-08,-6.4503e-12,0.0,80.045
22_butene,3.4077,0.12299,-0.00010911,4.6837e-08,-7.7562e-12,0.0,90.776
31_butene,4.1921,0.13202,-0.00012382,5.5152e-08,-9.3714e-12,0.0,95.365
32_pentene,5.0985,0.1614,-0.00014732,6.4332e-08,-1.0771e-11,0.0,105.83
41_pentene,5.9147,0.17035,-0.00016194,7.2606e-08,-1.238e-11,0.0,110.4
42_pentene,6.8623,0.19969,-0.00018543,8.1794e-08,-1.3782e-11,0.0,119.98
51_hexene,7.6842,0.20856,-0.00019992,8.9987e-08,-1.5373e-11,0.0,124.02
52_heptene,8.7437,0.23752,-0.00022295,9.8925e-08,-1.6728e-11,0.0,134.24
61_heptene,9.3318,0.24725,-0.00023855,1.0773e-07,-1.8439e-11,0.0,137.79
62_octene,10.416,0.27604,-0.00026132,1.1652e-07,-1.9764e-11,0.0,147.99
71_octene,11.221,0.28505,-0.00027604,1.2486e-07,-2.1385e-11,0.0,152.36
butene,8.2447,0.13653,-0.00013345,6.0494e-08,-1.0364e-11,0.0,116.51
c2f4,5.7237,0.058171,-5.6241e-05,2.5472e-08,-4.3786e-12,0.0,74.103
heptene,13.372,0.25169,-0.00024804,1.1298e-07,-1.9411e-11,0.0,147.34
hexene,11.802,0.21282,-0.00020922,9.5142e-08,-1.6328e-11,0.0,134.2
octene,15.173,0.28984,-0.00028597,1.3034e-07,-2.2403e-11,0.0,161.73
pentene,10.063,0.17448,-0.00017105,7.7657e-08,-1.3314e-11,0.0,119.44
propene,4.4189,0.099053,-9.6612e-05,4.3772e-08,-7.5002e-12,0.0,84.442
C2F5COF_OH,6.4299,0.13994,-0.00013906,6.4127e-08,-1.1137e-11,0.0,101.16
C3_OCO2H,7.0588,0.17342,-0.00016703,7.5163e-08,-1.2812e-11,0.0,114.53
C3F6O2_ring,4.2387,0.13347,-0.00013031,5.8702e-08,-9.9786e-12,0.0,95.386
C3F6OOH2nd,6.4555,0.14,-0.00013921,6.4226e-08,-1.1157e-11,0.0,101.19
C3F7O,6.2226,0.13474,-0.00013661,6.3442e-08,-1.1049e-11,0.0,101.13
cf3o_cf2o_prod,4.0982,0.10954,-0.0001097,5.0389e-08,-8.6946e-12,0.0,90.556
ESTER,9.7623,0.20242,-0.00019772,8.9387e-08,-1.5263e-11,0.0,131.11
ESTER_OH,9.5262,0.23254,-0.00023163,1.066e-07,-1.8458e-11,0.0,136.34
FRD_0HFATS_prod,13.807,0.24855,-0.00024734,1.1403e-07,-1.9799e-11,0.0,155.11
FRD_prod_COLoss,9.7623,0.20242,-0.00019772,8.9387e-08,-1.5263e-11,0.0,131.09
FRD_prod_minusHF,9.2867,0.23195,-0.00022741,1.0314e-07,-1.7657e-11,0.0,138.47
FRD_cof,11.577,0.2409,-0.00023634,1.0721e-07,-1.8354e-11,0.0,144.76
FRD_cof_OH,11.034,0.27026,-0.00026829,1.231e-07,-2.1267e-11,0.0,148.82
FRC_c5f11o,9.6557,0.20642,-0.00020377,9.2698e-08,-1.5888e-11,0.0,134.4
2_PROPYL,6.6364,0.11593,-0.00011501,5.2546e-08,-9.038e-12,0.0,99.061
2_BUTYL,8.7379,0.15299,-0.0001516,6.9204e-08,-1.1897e-11,0.0,113.96
2_PENTYL,10.186,0.19219,-0.00019076,8.7202e-08,-1.5007e-11,0.0,127.62
2_HEXYL,11.861,0.23065,-0.00022901,1.0471e-07,-1.8025e-11,0.0,141.88
2_HEPTYL,14.118,0.26726,-0.0002651,1.2113e-07,-2.0842e-11,0.0,157.13
2_OCTYL,15.714,0.30607,-0.00030385,1.3894e-07,-2.3918e-11,0.0,170.93
3_PENTYL,10.743,0.19028,-0.00018844,8.6003e-08,-1.4784e-11,0.0,127.62
3_HEXYL,12.373,0.22892,-0.00022694,1.0366e-07,-1.783e-11,0.0,141.28
3_HEPTYL,13.9,0.26792,-0.00026592,1.2157e-07,-2.0928e-11,0.0,156.01
3_OCTYL,15.681,0.30609,-0.00030385,1.3893e-07,-2.3918e-11,0.0,169.15
4_HEPTYL,14.027,0.26742,-0.00026525,1.212e-07,-2.0855e-11,0.0,156.05
4_OCTYL,15.789,0.30568,-0.00030331,1.3863e-07,-2.3859e-11,0.0,170.02
CF2_TFA_PROD,5.8829,0.1132,-0.00010115,4.2852e-08,-6.9639e-12,0.0,97.837
CF2CF,6.0601,0.042627,-3.9863e-05,1.7546e-08,-2.947e-12,0.0,71.369
CF3CF_carbene,5.3347,0.062414,-6.1674e-05,2.8064e-08,-4.8096e-12,0.0,80.585
HFP_1OH,6.841,0.12351,-0.00012169,5.5816e-08,-9.6569e-12,0.0,102.16
PROPENE_BetaFrad,5.4921,0.088377,-8.6664e-05,3.9363e-08,-6.7508e-12,0.0,88.753
PROPENE_calphar,6.7318,0.083795,-8.0867e-05,3.6293e-08,-6.1693e-12,0.0,86.67
PROPENE_talphar,6.426,0.085565,-8.3591e-05,3.7916e-08,-6.5022e-12,0.0,86.64
c3f5co,7.1708,0.096353,-9.3121e-05,4.1865e-08,-7.1286e-12,0.0,93.212
CF3,3.7708,0.036299,-3.4314e-05,1.5005e-08,-2.485e-12,0.0,65.447
CF2,5.3891,0.017142,-1.4224e-05,5.4157e-09,-7.7818e-13,0.0,58.936
